"日付け","終値","始値","高値","安値","出来高","前日比%"
"2021年11月06日","60,427.6","60,973.2","61,543.2","60,137.2","43.47K","-0.90%"
"2021年11月05日","60,974.3","61,411.5","62,560.3","60,742.4","44.46K","-0.71%"
"2021年11月04日","61,412.6","62,915.4","63,077.6","60,742.9","49.91K","-2.39%"
"2021年11月03日","62,918.5","63,223.5","63,508.6","60,883.0","61.05K","-0.48%"
"2021年11月02日","63,221.7","60,912.2","64,256.4","60,651.5","65.26K","3.79%"
"2021年11月01日","60,915.3","61,310.1","62,430.1","59,612.7","61.21K","-0.64%"
"2021年10月31日","61,309.6","61,842.2","62,393.7","60,005.7","50.06K","-0.86%"
"2021年10月30日","61,840.1","62,245.0","62,338.5","60,786.0","40.51K","-0.65%"
"2021年10月29日","62,242.8","60,579.9","62,952.2","60,322.2","63.39K","2.74%"
"2021年10月28日","60,582.5","58,437.2","62,251.3","58,128.1","88.47K","3.67%"
"2021年10月27日","58,438.1","60,312.5","61,452.9","58,112.6","88.11K","-3.11%"
"2021年10月26日","60,310.8","63,067.5","63,275.1","59,907.3","57.13K","-4.37%"
"2021年10月25日","63,067.0","60,864.3","63,694.8","60,655.8","51.06K","3.62%"
"2021年10月24日","60,866.5","61,308.2","61,469.9","59,523.7","42.67K","-0.73%"
"2021年10月23日","61,312.5","60,693.2","61,728.7","59,738.3","37.05K","1.03%"
"2021年10月22日","60,690.3","62,200.8","63,699.7","60,055.7","75.69K","-2.44%"
"2021年10月21日","62,210.2","66,004.6","66,616.9","62,092.1","105.38K","-5.71%"
"2021年10月20日","65,979.1","64,276.9","66,967.1","63,543.7","79.87K","2.65%"
"2021年10月19日","64,278.5","62,030.2","64,454.0","61,451.0","80.16K","3.58%"
"2021年10月18日","62,056.3","61,525.8","62,623.6","60,026.9","80.15K","0.86%"
"2021年10月17日","61,527.5","60,865.5","61,651.4","59,143.4","53.39K","1.09%"
"2021年10月16日","60,861.1","61,669.2","62,329.2","60,161.9","49.93K","-1.32%"
"2021年10月15日","61,672.5","57,348.2","62,892.8","56,874.8","121.48K","7.54%"
"2021年10月14日","57,345.8","57,370.4","58,506.5","56,866.8","59.84K","-0.06%"
"2021年10月13日","57,380.1","56,014.5","57,697.4","54,314.4","73.62K","2.44%"
"2021年10月12日","56,015.9","57,480.6","57,635.7","54,155.4","74.85K","-2.54%"
"2021年10月11日","57,477.3","54,686.9","57,814.1","54,457.8","73.84K","5.10%"
"2021年10月10日","54,687.7","54,942.5","56,432.2","54,100.8","104.43K","-0.46%"
"2021年10月09日","54,942.5","53,924.1","55,430.8","53,711.7","64.65K","1.91%"
"2021年10月08日","53,914.7","53,785.5","55,977.9","53,659.3","64.05K","0.24%"
"2021年10月07日","53,783.9","55,325.2","55,325.6","53,476.4","75.68K","-2.78%"
"2021年10月06日","55,323.2","51,470.0","55,676.1","50,439.5","116.26K","7.49%"
"2021年10月05日","51,469.3","49,229.5","51,872.4","49,060.1","76.63K","4.55%"
"2021年10月04日","49,227.3","48,200.4","49,481.7","46,958.6","66.92K","2.13%"
"2021年10月03日","48,200.1","47,665.4","49,165.2","47,123.0","42.41K","1.12%"
"2021年10月02日","47,666.9","48,147.2","48,306.9","47,451.7","39.82K","-1.00%"
"2021年10月01日","48,146.0","43,824.4","48,435.2","43,292.9","94.66K","9.86%"
"2021年09月30日","43,823.3","41,534.5","44,101.2","41,416.7","64.32K","5.50%"
"2021年09月29日","41,536.8","41,023.1","42,571.2","40,815.0","48.21K","1.25%"
"2021年09月28日","41,022.3","42,169.9","42,758.8","40,906.4","60.01K","-2.73%"
"2021年09月27日","42,172.6","43,200.9","44,293.2","42,143.9","54.12K","-2.39%"
"2021年09月26日","43,203.4","42,685.8","43,907.3","40,786.6","69.91K","1.21%"
"2021年09月25日","42,686.8","42,818.7","42,959.3","41,714.5","46.35K","-0.31%"
"2021年09月24日","42,819.9","44,867.4","45,112.0","40,908.5","128.88K","-4.57%"
"2021年09月23日","44,869.2","43,550.7","44,949.8","43,090.1","74.54K","3.03%"
"2021年09月22日","43,551.6","40,660.8","43,976.7","40,585.7","93.98K","7.13%"
"2021年09月21日","40,651.3","43,012.3","43,619.3","39,646.8","142.55K","-5.18%"
"2021年09月20日","42,870.6","47,240.8","47,323.9","42,547.1","77.96K","-9.25%"
"2021年09月19日","47,238.7","48,299.9","48,341.9","46,866.6","41.98K","-2.21%"
"2021年09月18日","48,306.7","47,283.9","48,761.0","47,070.5","43.64K","2.17%"
"2021年09月17日","47,282.8","47,748.2","48,155.9","46,788.8","50.16K","-0.97%"
"2021年09月16日","47,748.0","48,132.3","48,480.6","47,040.3","60.91K","-0.80%"
"2021年09月15日","48,130.6","47,070.8","48,436.5","46,743.9","63.40K","2.24%"
"2021年09月14日","47,077.5","44,950.2","47,247.6","44,718.7","65.33K","4.73%"
"2021年09月13日","44,949.5","46,060.8","46,807.7","43,463.2","96.15K","-2.42%"
"2021年09月12日","46,062.3","45,162.6","46,386.4","44,755.2","44.52K","1.99%"
"2021年09月11日","45,161.9","44,844.9","45,975.6","44,766.6","41.58K","0.71%"
"2021年09月10日","44,842.8","46,385.9","47,021.6","44,283.6","75.62K","-3.33%"
"2021年09月09日","46,385.6","46,057.6","47,305.7","45,609.0","73.63K","0.70%"
"2021年09月08日","46,061.4","46,774.1","47,316.9","44,493.7","100.48K","-1.54%"
"2021年09月07日","46,779.6","52,674.2","52,885.3","43,072.4","187.56K","-11.19%"
"2021年09月06日","52,672.1","51,769.4","52,726.2","51,002.8","69.46K","1.75%"
"2021年09月05日","51,768.6","49,918.7","51,878.2","49,492.4","57.30K","3.71%"
"2021年09月04日","49,918.4","49,999.3","50,534.6","49,461.4","48.14K","-0.16%"
"2021年09月03日","49,999.0","49,269.5","51,008.8","48,377.3","88.08K","1.47%"
"2021年09月02日","49,274.3","48,817.8","50,355.3","48,612.9","80.21K","0.93%"
"2021年09月01日","48,819.4","47,129.2","49,121.0","46,533.1","74.38K","3.58%"
"2021年08月31日","47,130.4","46,989.1","48,217.0","46,709.3","71.48K","0.29%"
"2021年08月30日","46,992.7","48,777.1","48,886.0","46,876.9","61.68K","-3.66%"
"2021年08月29日","48,777.4","48,899.7","49,621.7","47,870.1","47.62K","-0.24%"
"2021年08月28日","48,897.1","49,062.8","49,289.4","48,428.5","36.73K","-0.34%"
"2021年08月27日","49,064.3","46,830.2","49,142.0","46,371.5","62.47K","4.77%"
"2021年08月26日","46,831.6","48,994.4","49,347.8","46,360.4","73.79K","-4.41%"
"2021年08月25日","48,994.5","47,707.4","49,230.2","47,163.3","63.54K","2.68%"
"2021年08月24日","47,714.7","49,532.5","49,847.4","47,623.6","74.26K","-3.68%"
"2021年08月23日","49,539.7","49,255.4","50,498.8","49,038.6","75.37K","0.58%"
"2021年08月22日","49,254.5","48,870.4","49,480.3","48,151.0","49.32K","0.77%"
"2021年08月21日","48,875.8","49,330.0","49,719.1","48,293.5","18.20K","-0.91%"
"2021年08月20日","49,324.0","46,756.7","49,343.3","46,646.8","83.19K","5.49%"
"2021年08月19日","46,755.9","44,725.9","47,012.3","43,986.7","77.92K","4.54%"
"2021年08月18日","44,723.8","44,691.1","46,004.9","44,230.0","22.36K","0.07%"
"2021年08月17日","44,691.6","45,907.5","47,140.6","44,441.3","84.14K","-2.84%"
"2021年08月16日","45,996.3","46,991.6","48,002.4","45,672.1","2.41K","-2.12%"
"2021年08月15日","46,991.3","47,082.6","47,344.1","45,564.1","58.11K","-0.19%"
"2021年08月14日","47,081.5","47,809.6","48,090.9","46,117.2","64.29K","-1.52%"
"2021年08月13日","47,809.1","44,404.0","47,836.0","44,242.4","75.27K","7.67%"
"2021年08月12日","44,403.4","45,562.3","46,213.8","43,814.7","81.07K","-2.55%"
"2021年08月11日","45,564.3","45,593.2","46,736.5","45,367.9","75.43K","-0.06%"
"2021年08月10日","45,593.8","46,281.8","46,663.4","44,681.2","80.55K","-1.49%"
"2021年08月09日","46,284.3","43,794.9","46,460.7","42,824.1","117.08K","5.69%"
"2021年08月08日","43,792.8","44,584.9","45,284.1","43,314.4","105.25K","-1.84%"
"2021年08月07日","44,614.2","42,784.7","44,697.3","42,611.0","112.84K","4.25%"
"2021年08月06日","42,795.4","40,868.4","43,253.4","39,905.4","111.93K","4.72%"
"2021年08月05日","40,867.2","39,734.4","41,366.3","37,365.4","130.60K","2.84%"
"2021年08月04日","39,736.9","38,188.4","39,956.5","37,556.0","79.22K","4.21%"
"2021年08月03日","38,130.3","39,167.4","39,766.6","37,688.2","0.26K","-2.65%"
"2021年08月02日","39,168.4","39,869.8","40,449.0","38,692.5","74.81K","-1.78%"
"2021年08月01日","39,878.3","41,510.0","42,565.0","39,556.5","80.33K","-4.03%"
"2021年07月31日","41,553.7","42,201.4","42,285.3","41,066.4","44.65K","-1.54%"
"2021年07月30日","42,203.4","40,001.1","42,264.4","38,358.4","98.45K","5.50%"
"2021年07月29日","40,001.4","40,009.0","40,630.7","39,340.8","75.30K","-0.00%"
"2021年07月28日","40,003.2","39,450.4","40,862.2","38,883.8","148.92K","1.40%"
"2021年07月27日","39,452.0","37,294.3","39,455.9","36,427.4","100.24K","5.84%"
"2021年07月26日","37,276.6","35,392.3","40,522.9","35,236.7","177.63K","5.33%"
"2021年07月25日","35,391.1","34,392.5","35,391.1","33,881.3","65.10K","4.63%"
"2021年07月24日","33,824.8","33,600.5","33,955.0","33,412.9","67.14K","0.66%"
"2021年07月23日","33,603.3","32,297.9","33,605.6","32,041.1","66.15K","4.04%"
"2021年07月22日","32,298.9","32,131.7","32,585.4","31,729.4","64.87K","0.52%"
"2021年07月21日","32,131.4","29,794.7","32,794.6","29,519.3","118.34K","7.85%"
"2021年07月20日","29,793.8","30,835.4","31,040.8","29,310.2","97.46K","-3.38%"
"2021年07月19日","30,837.2","31,782.9","31,887.0","30,478.2","77.48K","-2.98%"
"2021年07月18日","31,785.4","31,517.9","32,408.2","31,220.6","57.01K","0.85%"
"2021年07月17日","31,518.6","31,384.4","31,914.8","31,207.8","58.06K","0.40%"
"2021年07月16日","31,394.0","31,842.3","32,239.8","31,062.2","70.48K","-1.40%"
"2021年07月15日","31,840.5","32,820.5","33,157.0","31,175.8","76.95K","-2.99%"
"2021年07月14日","32,820.7","32,727.8","33,051.9","31,611.2","69.56K","0.28%"
"2021年07月13日","32,728.1","33,106.1","33,307.7","32,259.5","60.04K","-1.16%"
"2021年07月12日","33,113.0","34,228.3","34,598.0","32,662.8","63.24K","-3.26%"
"2021年07月11日","34,227.7","33,510.8","34,580.6","33,319.8","35.72K","2.14%"
"2021年07月10日","33,510.6","33,797.7","34,221.0","33,056.8","50.94K","-0.85%"
"2021年07月09日","33,797.4","32,866.3","34,079.2","32,367.0","67.14K","2.83%"
"2021年07月08日","32,866.3","33,859.4","33,923.2","32,146.9","108.09K","-2.96%"
"2021年07月07日","33,867.8","34,228.7","35,036.6","33,801.3","72.03K","-1.05%"
"2021年07月06日","34,225.6","33,688.5","35,062.0","33,581.7","83.63K","1.60%"
"2021年07月05日","33,687.8","35,297.0","35,300.5","33,164.1","88.36K","-4.56%"
"2021年07月04日","35,298.2","34,742.8","35,957.6","34,740.1","56.13K","1.60%"
"2021年07月03日","34,742.8","33,814.2","34,909.8","33,363.3","55.69K","2.75%"
"2021年07月02日","33,813.4","33,542.2","33,925.9","32,734.6","78.93K","0.80%"
"2021年07月01日","33,543.6","35,030.7","35,032.7","32,839.2","27.41K","-4.23%"
"2021年06月30日","35,026.9","35,832.6","36,089.5","34,126.6","107.07K","-2.25%"
"2021年06月29日","35,834.7","34,477.3","36,590.3","34,247.6","97.27K","3.94%"
"2021年06月28日","34,475.9","34,682.2","35,231.2","33,944.9","112.00K","-0.58%"
"2021年06月27日","34,678.5","32,247.1","34,685.5","32,041.7","148.80K","7.55%"
"2021年06月26日","32,243.4","31,592.1","32,643.0","30,206.9","156.67K","2.06%"
"2021年06月25日","31,594.0","34,660.5","35,490.9","31,337.9","193.43K","-8.86%"
"2021年06月24日","34,665.8","33,678.1","35,249.9","32,356.7","119.25K","2.94%"
"2021年06月23日","33,674.3","32,498.3","34,784.3","31,736.5","173.34K","3.62%"
"2021年06月22日","32,496.4","31,682.7","33,272.5","28,901.8","309.65K","2.54%"
"2021年06月21日","31,692.0","35,597.9","35,708.4","31,284.1","256.87K","-10.97%"
"2021年06月20日","35,595.8","35,510.9","36,097.9","33,378.0","137.48K","0.23%"
"2021年06月19日","35,513.4","35,770.0","36,357.3","34,845.5","105.46K","-0.66%"
"2021年06月18日","35,749.4","38,045.5","38,166.0","35,198.5","102.84K","-6.05%"
"2021年06月17日","38,052.0","38,337.8","39,529.9","37,425.3","109.58K","-0.74%"
"2021年06月16日","38,336.0","40,148.1","40,494.4","38,156.4","123.52K","-4.53%"
"2021年06月15日","40,156.1","40,522.5","41,318.0","39,589.9","117.55K","-0.92%"
"2021年06月14日","40,529.4","39,024.1","40,970.4","38,769.9","157.35K","3.86%"
"2021年06月13日","39,022.9","35,467.5","39,321.6","34,827.0","123.32K","10.02%"
"2021年06月12日","35,467.5","37,334.4","37,437.3","34,703.3","87.73K","-4.95%"
"2021年06月11日","37,314.6","36,654.3","37,641.1","36,003.3","109.15K","1.81%"
"2021年06月10日","36,649.4","37,375.2","38,340.8","35,824.0","154.32K","-1.83%"
"2021年06月09日","37,332.2","33,385.5","37,517.6","32,428.6","209.82K","11.83%"
"2021年06月08日","33,382.9","33,574.6","34,047.8","31,158.1","193.54K","-0.58%"
"2021年06月07日","33,578.0","35,815.4","36,754.6","33,410.1","119.50K","-6.25%"
"2021年06月06日","35,815.4","35,518.7","36,434.0","35,265.3","62.20K","0.83%"
"2021年06月05日","35,520.0","36,841.2","37,887.6","34,832.0","101.48K","-3.61%"
"2021年06月04日","36,851.3","39,191.4","39,255.4","35,659.9","127.71K","-5.96%"
"2021年06月03日","39,187.3","37,555.7","39,462.3","37,193.6","106.44K","4.34%"
"2021年06月02日","37,555.8","36,687.7","38,199.9","35,981.1","96.89K","2.37%"
"2021年06月01日","36,687.6","37,294.3","37,850.3","35,742.7","113.48K","-1.64%"
"2021年05月31日","37,298.6","35,644.0","37,480.7","34,213.2","131.70K","4.62%"
"2021年05月30日","35,652.8","34,589.3","36,388.6","33,441.0","104.18K","3.09%"
"2021年05月29日","34,584.6","35,664.5","37,227.1","33,664.2","160.43K","-3.02%"
"2021年05月28日","35,662.5","38,543.2","38,844.1","34,772.4","199.58K","-7.17%"
"2021年05月27日","38,417.3","39,249.0","40,322.2","37,190.8","122.93K","-2.12%"
"2021年05月26日","39,249.2","38,375.7","40,750.0","37,847.0","153.80K","2.27%"
"2021年05月25日","38,378.3","38,753.6","39,740.8","36,540.7","163.01K","-0.96%"
"2021年05月24日","38,750.6","34,720.3","39,851.7","34,474.6","244.88K","11.74%"
"2021年05月23日","34,679.7","37,446.8","38,248.7","31,192.4","325.73K","-7.39%"
"2021年05月22日","37,448.3","37,291.0","38,776.0","35,314.9","185.83K","0.40%"
"2021年05月21日","37,297.4","40,611.2","42,108.3","33,592.3","315.50K","-8.40%"
"2021年05月20日","40,717.2","36,706.8","42,425.9","35,010.4","269.75K","10.88%"
"2021年05月19日","36,720.5","42,898.3","43,516.6","30,261.7","607.10K","-14.40%"
"2021年05月18日","42,897.3","43,538.5","45,770.9","42,293.9","154.96K","-1.48%"
"2021年05月17日","43,541.3","46,424.2","46,545.4","42,201.5","274.76K","-6.21%"
"2021年05月16日","46,426.4","46,729.3","49,764.3","43,920.8","180.07K","-0.60%"
"2021年05月15日","46,708.8","49,839.1","50,640.9","46,650.2","131.91K","-6.28%"
"2021年05月14日","49,839.8","49,704.9","51,459.2","48,874.0","118.84K","0.27%"
"2021年05月13日","49,704.6","49,398.2","51,337.3","46,331.1","236.71K","0.65%"
"2021年05月12日","49,384.2","56,694.5","57,938.5","49,187.0","160.74K","-12.90%"
"2021年05月11日","56,695.7","55,846.1","56,871.1","54,550.4","96.47K","1.52%"
"2021年05月10日","55,848.9","58,251.2","59,523.9","53,678.3","142.61K","-4.10%"
"2021年05月09日","58,238.3","58,840.6","59,227.0","56,414.4","103.59K","-1.02%"
"2021年05月08日","58,840.1","57,330.3","59,471.1","56,972.2","101.27K","2.62%"
"2021年05月07日","57,337.2","56,411.4","58,639.3","55,300.1","110.01K","1.65%"
"2021年05月06日","56,405.4","57,441.0","58,364.9","55,294.5","109.02K","-1.80%"
"2021年05月05日","57,441.3","53,872.5","57,936.4","53,872.5","119.82K","6.88%"
"2021年05月04日","53,741.5","57,170.6","57,201.3","53,741.5","132.33K","-6.00%"
"2021年05月03日","57,169.8","56,605.8","58,925.1","56,562.4","89.24K","1.00%"
"2021年05月02日","56,603.8","57,807.2","57,868.4","56,110.5","53.61K","-2.08%"
"2021年05月01日","57,807.1","57,719.1","58,449.4","57,029.5","63.41K","0.15%"
"2021年04月30日","57,720.3","53,562.3","57,925.6","53,088.7","103.74K","7.77%"
"2021年04月29日","53,560.8","54,838.6","55,173.7","52,400.0","83.90K","-2.34%"
"2021年04月28日","54,841.4","55,036.0","56,419.9","53,876.4","86.96K","-0.35%"
"2021年04月27日","55,036.5","54,011.1","55,427.8","53,345.0","84.08K","1.88%"
"2021年04月26日","54,020.5","48,963.5","54,320.9","48,815.9","129.76K","10.33%"
"2021年04月25日","48,963.6","50,088.2","50,532.4","47,098.5","59.20K","-2.25%"
"2021年04月24日","50,088.9","51,140.8","51,183.0","48,775.2","82.25K","-2.06%"
"2021年04月23日","51,143.6","51,707.1","52,099.9","47,659.4","214.46K","-1.13%"
"2021年04月22日","51,729.5","53,821.3","55,408.4","50,590.9","168.13K","-3.88%"
"2021年04月21日","53,820.2","56,479.5","56,764.4","53,657.6","100.26K","-4.71%"
"2021年04月20日","56,483.2","55,645.1","57,054.9","53,422.5","115.49K","1.50%"
"2021年04月19日","55,646.1","56,208.1","57,517.0","54,272.3","117.51K","-1.00%"
"2021年04月18日","56,207.1","60,043.2","60,362.1","51,817.6","216.81K","-6.39%"
"2021年04月17日","60,041.9","61,358.3","62,509.1","59,672.1","84.08K","-2.18%"
"2021年04月16日","61,379.7","63,211.6","63,518.5","60,027.3","136.85K","-2.90%"
"2021年04月15日","63,216.0","62,978.6","63,729.1","62,067.5","76.97K","0.37%"
"2021年04月14日","62,980.4","63,544.2","64,778.0","61,366.3","130.43K","-0.88%"
"2021年04月13日","63,540.9","59,863.6","63,659.0","59,839.4","126.56K","6.14%"
"2021年04月12日","59,863.8","59,982.1","61,259.9","59,569.2","81.88K","-0.19%"
"2021年04月11日","59,978.7","59,772.4","60,667.1","59,250.3","58.20K","0.39%"
"2021年04月10日","59,748.4","58,127.4","61,229.0","57,900.0","103.72K","2.80%"
"2021年04月09日","58,118.7","58,076.8","58,890.9","57,686.0","59.22K","0.07%"
"2021年04月08日","58,077.4","55,948.0","58,136.7","55,721.6","64.78K","3.80%"
"2021年04月07日","55,948.7","57,996.3","58,627.7","55,489.3","110.69K","-3.53%"
"2021年04月06日","57,996.3","59,169.0","59,487.0","57,403.3","77.15K","-1.69%"
"2021年04月05日","58,993.4","58,202.3","59,205.1","56,842.7","54.13K","1.36%"
"2021年04月04日","58,199.9","57,059.7","58,464.8","56,470.6","57.21K","2.00%"
"2021年04月03日","57,059.9","58,976.8","59,770.5","56,906.7","68.74K","-3.25%"
"2021年04月02日","58,977.3","58,718.2","60,134.9","58,466.5","72.37K","0.44%"
"2021年04月01日","58,718.3","58,763.2","59,406.5","58,040.7","69.04K","-0.08%"
"2021年03月31日","58,763.7","58,771.4","59,795.6","56,991.6","98.06K","-0.01%"
"2021年03月30日","58,771.3","57,614.6","59,366.9","57,077.1","86.21K","2.00%"
"2021年03月29日","57,616.2","55,764.7","58,392.6","54,951.1","107.91K","3.32%"
"2021年03月28日","55,765.2","55,856.9","56,504.2","54,711.3","58.71K","-0.17%"
"2021年03月27日","55,862.9","55,033.8","56,531.1","54,010.2","73.87K","1.50%"
"2021年03月26日","55,036.1","51,317.4","55,074.1","51,302.0","100.30K","7.24%"
"2021年03月25日","51,322.3","52,330.0","53,175.4","50,441.3","143.35K","-1.92%"
"2021年03月24日","52,325.4","54,309.1","57,169.4","51,725.4","137.91K","-3.91%"
"2021年03月23日","54,452.5","54,117.5","55,813.8","52,992.3","84.84K","0.54%"
"2021年03月22日","54,158.3","57,379.3","58,379.9","53,784.2","95.53K","-5.62%"
"2021年03月21日","57,383.8","58,097.4","58,583.8","55,583.3","77.47K","-1.22%"
"2021年03月20日","58,093.4","58,084.1","59,882.1","57,863.0","67.83K","0.01%"
"2021年03月19日","58,088.0","57,645.0","59,448.3","56,305.1","83.98K","0.75%"
"2021年03月18日","57,656.0","58,911.8","60,088.0","57,099.6","102.62K","-2.13%"
"2021年03月17日","58,913.5","56,892.9","58,933.2","54,253.2","118.26K","3.56%"
"2021年03月16日","56,889.7","55,619.5","56,889.7","53,342.6","128.51K","1.97%"
"2021年03月15日","55,791.3","59,117.4","60,565.9","55,088.8","117.71K","-5.62%"
"2021年03月14日","59,113.7","61,192.7","61,673.7","59,113.7","80.29K","-3.40%"
"2021年03月13日","61,195.3","57,267.4","61,795.8","56,118.8","134.64K","6.86%"
"2021年03月12日","57,265.1","57,806.2","58,052.3","55,134.5","116.96K","-0.92%"
"2021年03月11日","57,799.5","55,851.2","58,135.0","54,351.8","129.63K","3.49%"
"2021年03月10日","55,851.9","54,882.7","57,328.7","53,073.6","140.96K","1.77%"
"2021年03月09日","54,879.0","52,352.4","54,880.6","51,941.3","114.06K","4.91%"
"2021年03月08日","52,311.0","50,988.9","52,384.9","49,338.1","68.14K","2.61%"
"2021年03月07日","50,982.3","48,899.0","51,434.1","48,890.6","82.91K","4.35%"
"2021年03月06日","48,855.6","48,798.7","49,191.8","47,132.8","66.66K","0.13%"
"2021年03月05日","48,792.5","48,363.6","49,429.4","46,370.1","113.64K","0.75%"
"2021年03月04日","48,428.0","50,388.0","51,757.7","47,521.8","9.56K","-3.90%"
"2021年03月03日","50,395.1","48,422.2","52,567.9","48,159.2","44.93K","4.07%"
"2021年03月02日","48,424.2","49,595.6","50,191.9","47,100.6","102.10K","-2.36%"
"2021年03月01日","49,595.5","45,160.5","49,774.0","45,008.8","137.52K","9.81%"
"2021年02月28日","45,164.0","46,136.0","46,582.0","43,100.6","135.08K","-2.11%"
"2021年02月27日","46,136.7","46,333.1","48,335.1","45,059.4","98.75K","-0.45%"
"2021年02月26日","46,345.6","46,928.5","48,413.9","44,248.2","189.41K","-1.24%"
"2021年02月25日","46,928.5","49,695.9","52,013.8","46,773.7","83.22K","-5.57%"
"2021年02月24日","49,697.5","48,911.1","51,311.8","47,031.7","153.75K","1.61%"
"2021年02月23日","48,911.2","54,114.1","54,115.0","45,093.8","315.07K","-9.61%"
"2021年02月22日","54,111.8","57,437.6","57,480.8","48,353.8","244.95K","-5.78%"
"2021年02月21日","57,433.8","55,907.6","58,335.1","55,502.7","87.26K","2.70%"
"2021年02月20日","55,923.7","55,922.0","57,523.8","54,124.1","127.85K","0.03%"
"2021年02月19日","55,906.6","51,590.1","56,238.5","50,816.8","139.43K","8.38%"
"2021年02月18日","51,582.2","52,094.5","52,524.0","50,941.6","94.35K","-0.95%"
"2021年02月17日","52,079.2","49,161.3","52,577.7","49,018.1","140.03K","5.92%"
"2021年02月16日","49,169.7","47,934.2","50,515.8","47,044.4","141.37K","2.57%"
"2021年02月15日","47,936.3","48,611.1","48,936.5","45,786.1","123.18K","-1.45%"
"2021年02月14日","48,643.4","47,172.1","49,695.1","47,051.9","106.50K","3.13%"
"2021年02月13日","47,168.7","47,373.1","48,097.3","46,270.5","89.42K","-0.43%"
"2021年02月12日","47,371.7","47,995.0","48,927.4","46,218.6","133.73K","-1.29%"
"2021年02月11日","47,990.7","44,834.8","48,622.1","44,041.1","145.77K","7.04%"
"2021年02月10日","44,836.0","46,507.8","47,295.3","43,800.5","151.83K","-3.60%"
"2021年02月09日","46,508.6","46,396.4","48,143.5","45,104.7","193.87K","0.24%"
"2021年02月08日","46,395.7","38,853.6","46,596.4","38,057.0","248.47K","19.41%"
"2021年02月07日","38,852.9","39,228.9","39,691.7","37,381.6","125.37K","-1.03%"
"2021年02月06日","39,256.6","38,300.6","40,939.7","38,275.3","156.02K","2.50%"
"2021年02月05日","38,297.6","36,976.4","38,303.6","36,640.0","100.60K","3.56%"
"2021年02月04日","36,982.1","37,648.9","38,707.9","36,380.8","151.44K","-1.77%"
"2021年02月03日","37,646.8","35,486.9","37,646.8","35,401.5","131.03K","6.09%"
"2021年02月02日","35,485.2","33,514.0","35,976.1","33,462.4","120.85K","5.88%"
"2021年02月01日","33,515.7","33,106.8","34,685.6","32,324.9","126.32K","1.23%"
"2021年01月31日","33,108.1","34,281.6","34,348.3","32,189.9","101.92K","-3.43%"
"2021年01月30日","34,283.1","34,300.0","34,920.9","32,908.5","128.57K","-0.05%"
"2021年01月29日","34,301.8","33,381.7","38,546.0","31,953.3","297.73K","2.78%"
"2021年01月28日","33,374.8","30,408.9","33,790.8","29,911.9","167.39K","9.77%"
"2021年01月27日","30,404.0","32,499.6","32,545.4","29,290.4","194.35K","-6.46%"
"2021年01月26日","32,502.1","32,244.1","32,917.7","30,850.0","139.84K","0.77%"
"2021年01月25日","32,252.3","32,244.3","34,854.3","31,967.4","142.43K","0.03%"
"2021年01月24日","32,241.3","32,088.5","33,034.8","30,982.9","88.21K","0.47%"
"2021年01月23日","32,088.9","32,994.1","33,441.4","31,418.2","100.70K","-2.76%"
"2021年01月22日","33,000.5","30,838.7","33,821.2","28,871.2","243.09K","7.00%"
"2021年01月21日","30,842.1","35,472.3","35,591.1","30,101.8","253.27K","-13.06%"
"2021年01月20日","35,476.3","35,862.1","36,384.4","33,444.5","153.61K","-1.46%"
"2021年01月19日","36,002.9","36,630.6","37,821.0","36,001.4","79.11K","-1.67%"
"2021年01月18日","36,613.2","35,838.2","37,436.8","34,801.0","111.52K","2.16%"
"2021年01月17日","35,839.6","36,020.1","36,801.3","33,883.5","126.82K","-0.50%"
"2021年01月16日","36,019.5","36,751.8","37,931.7","35,408.4","137.02K","-2.24%"
"2021年01月15日","36,845.8","39,175.7","39,715.0","34,488.7","118.42K","-5.95%"
"2021年01月14日","39,175.7","37,383.4","40,054.3","36,772.1","172.40K","4.80%"
"2021年01月13日","37,382.2","34,061.2","37,764.6","32,451.9","209.93K","9.70%"
"2021年01月12日","34,076.1","35,426.0","36,598.7","32,572.7","241.93K","-4.13%"
"2021年01月11日","35,544.3","38,195.3","38,217.2","30,411.6","251.04K","-6.93%"
"2021年01月10日","38,192.2","40,149.7","41,362.4","35,141.6","215.78K","-4.88%"
"2021年01月09日","40,151.9","40,607.2","41,363.5","38,775.1","128.42K","-1.10%"
"2021年01月08日","40,599.3","39,466.4","41,921.7","36,613.4","251.29K","2.89%"
"2021年01月07日","39,460.2","36,798.5","40,340.9","36,361.2","249.60K","7.25%"
"2021年01月06日","36,793.2","33,999.3","36,934.8","33,408.3","227.56K","8.24%"
"2021年01月05日","33,991.5","32,015.4","34,414.7","30,010.5","202.13K","6.15%"
"2021年01月04日","32,022.6","33,016.6","33,587.5","28,204.5","255.27K","-2.84%"
"2021年01月03日","32,958.9","32,192.9","34,755.9","32,029.6","155.21K","2.38%"
"2021年01月02日","32,193.3","29,359.7","33,233.5","29,008.0","240.87K","9.65%"
"2021年01月01日","29,359.9","28,951.7","29,627.1","28,712.4","100.90K","1.42%"
"2020年12月31日","28,949.4","28,866.8","29,298.8","28,025.0","136.69K","0.28%"
"2020年12月30日","28,868.7","27,374.5","28,979.3","27,374.5","159.82K","5.45%"
"2020年12月29日","27,376.0","27,065.3","27,390.7","25,902.8","119.57K","1.18%"
"2020年12月28日","27,057.8","26,259.2","27,444.9","26,144.3","126.98K","3.03%"
"2020年12月27日","26,261.3","26,460.3","28,360.3","25,858.2","231.23K","-0.73%"
"2020年12月26日","26,454.4","24,714.7","26,826.0","24,515.1","155.77K","7.15%"
"2020年12月25日","24,689.6","23,728.7","24,778.9","23,445.3","2.40K","4.02%"
"2020年12月24日","23,736.5","23,253.2","23,783.7","22,737.3","104.59K","2.06%"
"2020年12月23日","23,257.9","23,820.8","24,063.7","22,694.7","178.47K","-2.37%"
"2020年12月22日","23,823.2","22,730.4","23,825.4","22,388.6","130.75K","4.82%"
"2020年12月21日","22,728.5","23,474.1","24,101.9","22,015.5","154.69K","-3.18%"
"2020年12月20日","23,474.9","23,843.6","24,280.9","23,098.9","114.09K","-1.55%"
"2020年12月19日","23,844.0","23,127.6","24,107.1","22,797.0","133.88K","3.10%"
"2020年12月18日","23,127.9","22,823.3","23,272.8","22,361.5","131.80K","1.33%"
"2020年12月17日","22,825.4","21,352.3","23,738.0","21,243.1","310.74K","6.90%"
"2020年12月16日","21,352.2","19,434.7","21,525.3","19,299.7","199.81K","9.87%"
"2020年12月15日","19,434.9","19,273.9","19,556.3","19,076.2","98.39K","0.84%"
"2020年12月14日","19,273.8","19,176.4","19,346.5","19,007.0","67.11K","0.51%"
"2020年12月13日","19,176.8","18,808.1","19,403.6","18,716.8","82.45K","1.96%"
"2020年12月12日","18,808.9","18,026.7","18,936.2","18,025.1","71.37K","4.36%"
"2020年12月11日","18,023.6","18,250.5","18,288.3","17,600.1","111.53K","-1.23%"
"2020年12月10日","18,247.2","18,546.1","18,551.8","17,926.8","85.31K","-1.61%"
"2020年12月09日","18,546.0","18,322.4","18,637.9","17,658.8","129.72K","1.20%"
"2020年12月08日","18,326.6","19,170.8","19,288.6","18,229.2","101.41K","-4.40%"
"2020年12月07日","19,170.7","19,368.4","19,424.6","18,908.8","61.98K","-1.08%"
"2020年12月06日","19,379.9","19,146.0","19,417.1","18,873.0","54.56K","1.22%"
"2020年12月05日","19,146.5","18,657.5","19,172.7","18,507.1","59.44K","2.62%"
"2020年12月04日","18,658.1","19,431.1","19,529.5","18,610.8","110.63K","-3.99%"
"2020年12月03日","19,433.3","19,219.8","19,596.6","18,883.7","99.97K","1.12%"
"2020年12月02日","19,218.8","18,767.9","19,335.5","18,346.7","91.92K","2.39%"
"2020年12月01日","18,770.7","19,697.8","19,897.4","18,257.0","208.72K","-4.71%"
"2020年11月30日","19,698.1","18,186.0","19,831.2","18,186.0","185.59K","8.32%"
"2020年11月29日","18,185.5","17,729.7","18,336.3","17,530.4","79.12K","2.57%"
"2020年11月28日","17,730.7","17,142.6","17,874.4","16,874.4","95.20K","3.52%"
"2020年11月27日","17,127.1","17,160.9","17,450.3","16,481.6","138.80K","-0.20%"
"2020年11月26日","17,162.0","18,721.9","18,894.9","16,235.2","312.07K","-8.34%"
"2020年11月25日","18,723.0","19,151.5","19,486.7","18,527.7","146.12K","-2.24%"
"2020年11月24日","19,152.6","18,394.6","19,416.6","18,074.8","180.79K","4.21%"
"2020年11月23日","18,379.6","18,428.1","18,756.8","18,016.0","127.35K","-0.18%"
"2020年11月22日","18,412.9","18,689.3","18,751.5","17,644.6","121.76K","-1.47%"
"2020年11月21日","18,687.2","18,673.8","18,966.0","18,397.5","108.91K","0.06%"
"2020年11月20日","18,675.2","17,805.5","18,811.0","17,758.4","134.42K","4.90%"
"2020年11月19日","17,803.5","17,775.1","18,166.0","17,380.1","135.94K","0.16%"
"2020年11月18日","17,774.6","17,662.3","18,466.1","17,258.9","233.43K","0.64%"
"2020年11月17日","17,662.3","16,715.8","17,845.4","16,562.0","175.87K","5.66%"
"2020年11月16日","16,715.8","15,954.1","16,880.7","15,870.7","118.09K","4.78%"
"2020年11月15日","15,953.0","16,074.7","16,158.1","15,782.3","58.43K","-0.73%"
"2020年11月14日","16,071.0","16,323.1","16,328.2","15,717.7","83.64K","-1.55%"
"2020年11月13日","16,324.2","16,293.0","16,474.1","15,973.4","113.75K","0.18%"
"2020年11月12日","16,294.7","15,695.8","16,342.7","15,483.5","165.54K","3.82%"
"2020年11月11日","15,695.8","15,303.1","15,953.9","15,281.0","119.07K","2.56%"
"2020年11月10日","15,303.6","15,328.0","15,465.3","15,096.5","93.36K","-0.15%"
"2020年11月09日","15,327.2","15,483.3","15,819.6","14,816.9","165.04K","-1.01%"
"2020年11月08日","15,483.7","14,826.6","15,648.3","14,720.7","94.99K","4.42%"
"2020年11月07日","14,828.4","15,578.2","15,754.4","14,385.1","160.73K","-4.81%"
"2020年11月06日","15,577.9","15,593.9","15,955.2","15,223.5","186.13K","-0.06%"