Price,sent_var,sent_abs
61309.6,0.14367816091954,0.166666666666666
61840.1,0.202298850574712,0.266666666666666
62242.8,0.185057471264367,0.233333333333333
60582.5,0.119540229885057,0.133333333333333
58438.1,0.16551724137931,0.2
60310.8,0.202298850574712,0.266666666666666
63067.0,0.185057471264367,0.233333333333333
60866.5,0.064367816091954,0.0666666666666666
61312.5,0.14367816091954,0.166666666666666
60690.3,0.14367816091954,0.166666666666666
62210.2,0.064367816091954,0.0666666666666666
65979.1,0.119540229885057,0.133333333333333
64278.5,0.14367816091954,0.166666666666666
62056.3,0.119540229885057,0.133333333333333
61527.5,0.202298850574712,0.266666666666666
60861.1,0.14367816091954,0.166666666666666
61672.5,0.217241379310344,0.3
57345.8,0.16551724137931,0.2
57380.1,0.202298850574712,0.266666666666666
56015.9,0.202298850574712,0.266666666666666
57477.3,0.229885057471264,0.333333333333333
54687.7,0.202298850574712,0.266666666666666
54942.5,0.202298850574712,0.266666666666666
53914.7,0.064367816091954,0.0666666666666666
53783.9,0.185057471264367,0.233333333333333
55323.2,0.202298850574712,0.266666666666666
51469.3,0.14367816091954,0.166666666666666
49227.3,0.14367816091954,0.166666666666666
48200.1,0.185057471264367,0.233333333333333
47666.9,0.093103448275862,0.1
48146.0,0.16551724137931,0.2
43823.3,0.16551724137931,0.2
41536.8,0.217241379310344,0.3
41022.3,0.119540229885057,0.133333333333333
42172.6,0.093103448275862,0.1
43203.4,0.14367816091954,0.166666666666666
42686.8,0.14367816091954,0.166666666666666
42819.9,0.185057471264367,0.233333333333333
44869.2,0.202298850574712,0.266666666666666
43551.6,0.14367816091954,0.166666666666666
40651.3,0.16551724137931,0.2
42870.6,0.14367816091954,0.166666666666666
47238.7,0.16551724137931,0.2
48306.7,0.202298850574712,0.266666666666666
47282.8,0.119540229885057,0.133333333333333
47748.0,0.185057471264367,0.233333333333333
48130.6,0.16551724137931,0.2
47077.5,0.14367816091954,0.166666666666666
44949.5,0.119540229885057,0.133333333333333
46062.3,0.14367816091954,0.166666666666666
45161.9,0.202298850574712,0.266666666666666
44842.8,0.093103448275862,0.1
46385.6,0.064367816091954,0.0666666666666666
46061.4,0.185057471264367,0.233333333333333
46779.6,0.22167487684729,0.310344827586206
52672.1,0.185057471264367,0.233333333333333
51768.6,0.093103448275862,0.1
49918.4,0.093103448275862,0.1
49999.0,0.185057471264367,0.233333333333333
49274.3,0.16551724137931,0.2
48819.4,0.202298850574712,0.266666666666666
47130.4,0.064367816091954,0.0666666666666666
46992.7,0.217241379310344,0.3
48777.4,0.119540229885057,0.133333333333333
48897.1,0.119540229885057,0.133333333333333
49064.3,0.14367816091954,0.166666666666666
46831.6,0.0333333333333333,0.0333333333333333
48994.5,0.185057471264367,0.233333333333333
47714.7,0.119540229885057,0.133333333333333
49539.7,0.064367816091954,0.0666666666666666
49254.5,0.185057471264367,0.233333333333333
48875.8,0.217241379310344,0.3
49324.0,0.185057471264367,0.233333333333333
46755.9,0.119540229885057,0.133333333333333
44723.8,0.119540229885057,0.133333333333333
44691.6,0.16551724137931,0.2
45996.3,0.202298850574712,0.266666666666666
46991.3,0.14367816091954,0.166666666666666
47081.5,0.14367816091954,0.166666666666666
47809.1,0.119540229885057,0.133333333333333
44403.4,0.185057471264367,0.233333333333333
45564.3,0.185057471264367,0.233333333333333
45593.8,0.16551724137931,0.2
46284.3,0.16551724137931,0.2
43792.8,0.14367816091954,0.166666666666666
44614.2,0.202298850574712,0.266666666666666
42795.4,0.185057471264367,0.233333333333333
40867.2,0.16551724137931,0.2
39736.9,0.202298850574712,0.266666666666666
38130.3,0.185057471264367,0.233333333333333
39168.4,0.119540229885057,0.133333333333333
39878.3,0.14367816091954,0.166666666666666
41553.7,0.093103448275862,0.1
42203.4,0.248275862068965,0.4
40001.4,0.093103448275862,0.1
40003.2,0.185057471264367,0.233333333333333
39452.0,0.185057471264367,0.233333333333333
37276.6,0.185057471264367,0.233333333333333
35391.1,0.185057471264367,0.233333333333333
33824.8,0.119540229885057,0.133333333333333
33603.3,0.217241379310344,0.3
32298.9,0.14367816091954,0.166666666666666
32131.4,0.14367816091954,0.166666666666666
29793.8,0.16551724137931,0.2
30837.2,0.093103448275862,0.1
31785.4,0.16551724137931,0.2
31518.6,0.119540229885057,0.133333333333333
31394.0,0.14367816091954,0.166666666666666
31840.5,0.093103448275862,0.1
32820.7,0.119540229885057,0.133333333333333
32728.1,0.093103448275862,0.1
33113.0,0.202298850574712,0.266666666666666
34227.7,0.16551724137931,0.2
33510.6,0.217241379310344,0.3
33797.4,0.217241379310344,0.3
32866.3,0.16551724137931,0.2
33867.8,0.16551724137931,0.2
34225.6,0.217241379310344,0.3
33687.8,0.093103448275862,0.1
35298.2,0.093103448275862,0.1
34742.8,0.147783251231527,0.172413793103448
33813.4,0.217241379310344,0.3
33543.6,0.093103448275862,0.1
35026.9,0.16551724137931,0.2
35834.7,0.202298850574712,0.266666666666666
34475.9,0.119540229885057,0.133333333333333
34678.5,0.185057471264367,0.233333333333333
32243.4,0.119540229885057,0.133333333333333
31594.0,0.16551724137931,0.2
34665.8,0.16551724137931,0.2
33674.3,0.240229885057471,0.366666666666666
32496.4,0.166666666666666,0.2
31692.0,0.185057471264367,0.233333333333333
35595.8,0.185057471264367,0.233333333333333
35513.4,0.064367816091954,0.0666666666666666
35749.4,0.185057471264367,0.233333333333333
38052.0,0.202298850574712,0.266666666666666
38336.0,0.217241379310344,0.3
40156.1,0.185057471264367,0.233333333333333
40529.4,0.16551724137931,0.2
39022.9,0.14367816091954,0.166666666666666
35467.5,0.185057471264367,0.233333333333333
37314.6,0.185057471264367,0.233333333333333
36649.4,0.14367816091954,0.166666666666666
37332.2,0.229885057471264,0.333333333333333
33382.9,0.119540229885057,0.133333333333333
33578.0,0.16551724137931,0.2
35815.4,0.093103448275862,0.1
35520.0,0.14367816091954,0.166666666666666
36851.3,0.14367816091954,0.166666666666666
39187.3,0.229885057471264,0.333333333333333
37555.8,0.217241379310344,0.3
36687.6,0.064367816091954,0.0666666666666666
37298.6,0.119540229885057,0.133333333333333
35652.8,0.185057471264367,0.233333333333333
34584.6,0.16551724137931,0.2
35662.5,0.14367816091954,0.166666666666666
38417.3,0.14367816091954,0.166666666666666
39249.2,0.185057471264367,0.233333333333333
38378.3,0.185057471264367,0.233333333333333
38750.6,0.16551724137931,0.2
34679.7,0.16551724137931,0.2
37448.3,0.16551724137931,0.2
37297.4,0.14367816091954,0.166666666666666
40717.2,0.185057471264367,0.233333333333333
36720.5,0.202298850574712,0.266666666666666
42897.3,0.202298850574712,0.266666666666666
43541.3,0.202298850574712,0.266666666666666
46426.4,0.185057471264367,0.233333333333333
46708.8,0.14367816091954,0.166666666666666
49839.8,0.202298850574712,0.266666666666666
49704.6,0.202298850574712,0.266666666666666
49384.2,0.185057471264367,0.233333333333333
56695.7,0.229885057471264,0.333333333333333
55848.9,0.217241379310344,0.3
58238.3,0.16551724137931,0.2
58840.1,0.202298850574712,0.266666666666666
57337.2,0.185057471264367,0.233333333333333
56405.4,0.185057471264367,0.233333333333333
57441.3,0.14367816091954,0.166666666666666
53741.5,0.217241379310344,0.3
57169.8,0.14367816091954,0.166666666666666
56603.8,0.14367816091954,0.166666666666666
57807.1,0.14367816091954,0.166666666666666
57720.3,0.14367816091954,0.166666666666666
53560.8,0.064367816091954,0.0666666666666666
54841.4,0.14367816091954,0.166666666666666
55036.5,0.16551724137931,0.2
54020.5,0.064367816091954,0.0666666666666666
48963.6,0.119540229885057,0.133333333333333
50088.9,0.217241379310344,0.3
51143.6,0.119540229885057,0.133333333333333
51729.5,0.0333333333333333,0.0333333333333333
53820.2,0.093103448275862,0.1
56483.2,0.119540229885057,0.133333333333333
55646.1,0.119540229885057,0.133333333333333
56207.1,0.119540229885057,0.133333333333333
60041.9,0.119540229885057,0.133333333333333
61379.7,0.14367816091954,0.166666666666666
63216.0,0.16551724137931,0.2
62980.4,0.202298850574712,0.266666666666666
63540.9,0.16551724137931,0.2
59863.8,0.16551724137931,0.2
59978.7,0.16551724137931,0.2
59748.4,0.119540229885057,0.133333333333333
58118.7,0.185057471264367,0.233333333333333
58077.4,0.16551724137931,0.2
55948.7,0.147783251231527,0.172413793103448
57996.3,0.16551724137931,0.2
58993.4,0.16551724137931,0.2
58199.9,0.185057471264367,0.233333333333333
57059.9,0.119540229885057,0.133333333333333
58977.3,0.185057471264367,0.233333333333333
58718.3,0.185057471264367,0.233333333333333
58763.7,0.202298850574712,0.266666666666666
58771.3,0.185057471264367,0.233333333333333
57616.2,0.16551724137931,0.2
55765.2,0.16551724137931,0.2
55862.9,0.093103448275862,0.1
55036.1,0.14367816091954,0.166666666666666
51322.3,0.119540229885057,0.133333333333333
52325.4,0.14367816091954,0.166666666666666
54452.5,0.202298850574712,0.266666666666666
54158.3,0.064367816091954,0.0666666666666666
57383.8,0.16551724137931,0.2
58093.4,0.119540229885057,0.133333333333333
58088.0,0.14367816091954,0.166666666666666
57656.0,0.16551724137931,0.2
58913.5,0.16551724137931,0.2
56889.7,0.093103448275862,0.1
55791.3,0.0333333333333333,0.0333333333333333
59113.7,0.119540229885057,0.133333333333333
61195.3,0.14367816091954,0.166666666666666
57265.1,0.229885057471264,0.333333333333333
57799.5,0.14367816091954,0.166666666666666
55851.9,0.16551724137931,0.2
54879.0,0.064367816091954,0.0666666666666666
52311.0,0.217241379310344,0.3
50982.3,0.229885057471264,0.333333333333333
48855.6,0.119540229885057,0.133333333333333
48792.5,0.119540229885057,0.133333333333333
48428.0,0.093103448275862,0.1
50395.1,0.185057471264367,0.233333333333333
48424.2,0.14367816091954,0.166666666666666
49595.5,0.093103448275862,0.1
45164.0,0.185057471264367,0.233333333333333
46136.7,0.14367816091954,0.166666666666666
46345.6,0.064367816091954,0.0666666666666666
46928.5,0.119540229885057,0.133333333333333
49697.5,0.119540229885057,0.133333333333333
48911.2,0.119540229885057,0.133333333333333
54111.8,0.185057471264367,0.233333333333333
57433.8,0.14367816091954,0.166666666666666
55923.7,0.185057471264367,0.233333333333333
55906.6,0.202298850574712,0.266666666666666
51582.2,0.217241379310344,0.3
52079.2,0.229885057471264,0.333333333333333
49169.7,0.240229885057471,0.366666666666666
47936.3,0.16551724137931,0.2
48643.4,0.254022988505747,0.433333333333333
47168.7,0.202298850574712,0.266666666666666
47371.7,0.16551724137931,0.2
47990.7,0.14367816091954,0.166666666666666
44836.0,0.14367816091954,0.166666666666666
46508.6,0.14367816091954,0.166666666666666
46395.7,0.093103448275862,0.1
38852.9,0.14367816091954,0.166666666666666
39256.6,0.185057471264367,0.233333333333333
38297.6,0.185057471264367,0.233333333333333
36982.1,0.229885057471264,0.333333333333333
37646.8,0.16551724137931,0.2
35485.2,0.185057471264367,0.233333333333333
33515.7,0.093103448275862,0.1
33108.1,0.064367816091954,0.0666666666666666
34301.8,0.217241379310344,0.3
33374.8,0.119540229885057,0.133333333333333
30404.0,0.119540229885057,0.133333333333333
32502.1,0.16551724137931,0.2
32252.3,0.229885057471264,0.333333333333333
32241.3,0.0333333333333333,0.0333333333333333
32088.9,0.202298850574712,0.266666666666666
33000.5,0.119540229885057,0.133333333333333
30842.1,0.14367816091954,0.166666666666666
35476.3,0.185057471264367,0.233333333333333
36002.9,0.093103448275862,0.1
36613.2,0.0333333333333333,0.0333333333333333
35839.6,0.14367816091954,0.166666666666666
36019.5,0.185057471264367,0.233333333333333
36845.8,0.16551724137931,0.2
39175.7,0.0333333333333333,0.0333333333333333
37382.2,0.064367816091954,0.0666666666666666
34076.1,0.202298850574712,0.266666666666666
35544.3,0.093103448275862,0.1
38192.2,0.119540229885057,0.133333333333333
40151.9,0.14367816091954,0.166666666666666
40599.3,0.14367816091954,0.166666666666666
39460.2,0.119540229885057,0.133333333333333
36793.2,0.185057471264367,0.233333333333333
33991.5,0.217241379310344,0.3
32022.6,0.119540229885057,0.133333333333333
32958.9,0.064367816091954,0.0666666666666666
32193.3,0.119540229885057,0.133333333333333
29359.9,0.185057471264367,0.233333333333333
28949.4,0.16551724137931,0.2
28868.7,0.16551724137931,0.2
27376.0,0.0333333333333333,0.0333333333333333
27057.8,0.189655172413793,0.241379310344827
26261.3,0.202298850574712,0.266666666666666
26454.4,0.16551724137931,0.2
24689.6,0.16551724137931,0.2
23736.5,0.202298850574712,0.266666666666666
23257.9,0.14367816091954,0.166666666666666
23823.2,0.185057471264367,0.233333333333333
22728.5,0.14367816091954,0.166666666666666
23474.9,0.093103448275862,0.1
23844.0,0.16551724137931,0.2
23127.9,0.093103448275862,0.1
22825.4,0.16551724137931,0.2
21352.2,0.119540229885057,0.133333333333333
19434.9,0.14367816091954,0.166666666666666
19273.8,0.185057471264367,0.233333333333333
19176.8,0.093103448275862,0.1
18808.9,0.093103448275862,0.1
18023.6,0.119540229885057,0.133333333333333
18247.2,0.0333333333333333,0.0333333333333333
18546.0,0.16551724137931,0.2
18326.6,0.16551724137931,0.2
19170.7,0.16551724137931,0.2
19379.9,0.119540229885057,0.133333333333333
19146.5,0.16551724137931,0.2
18658.1,0.119540229885057,0.133333333333333
19433.3,0.14367816091954,0.166666666666666
19218.8,0.119540229885057,0.133333333333333
18770.7,0.093103448275862,0.1
19698.1,0.093103448275862,0.1
18185.5,0.14367816091954,0.166666666666666
17730.7,0.119540229885057,0.133333333333333
17127.1,0.14367816091954,0.166666666666666
17162.0,0.185057471264367,0.233333333333333
18723.0,0.14367816091954,0.166666666666666
19152.6,0.185057471264367,0.233333333333333
18379.6,0.16551724137931,0.2
18412.9,0.093103448275862,0.1
18687.2,0.14367816091954,0.166666666666666
18675.2,0.169950738916256,0.206896551724137
17803.5,0.093103448275862,0.1
17774.6,0.119540229885057,0.133333333333333
17662.3,0.16551724137931,0.2
16715.8,0.119540229885057,0.133333333333333
15953.0,0.185057471264367,0.233333333333333
16071.0,0.202298850574712,0.266666666666666
16324.2,0.064367816091954,0.0666666666666666
16294.7,0.16551724137931,0.2
15695.8,0.185057471264367,0.233333333333333
15303.6,0.093103448275862,0.1
15327.2,0.16551724137931,0.2
15483.7,0.093103448275862,0.1
14828.4,0.064367816091954,0.0666666666666666
15577.9,0.185057471264367,0.233333333333333
15587.1,0.14367816091954,0.166666666666666
14145.6,0.16551724137931,0.2
14019.9,0.217241379310344,0.3
13561.4,0.217241379310344,0.3
13759.4,0.202298850574712,0.266666666666666
13797.3,0.0333333333333333,0.0333333333333333
13559.9,0.093103448275862,0.1
13457.2,0.14367816091954,0.166666666666666
13278.9,0.202298850574712,0.266666666666666
13657.8,0.14367816091954,0.166666666666666
13061.6,0.202298850574712,0.266666666666666
13032.2,0.119540229885057,0.133333333333333
13117.2,0.119540229885057,0.133333333333333
12934.1,0.185057471264367,0.233333333333333
12974.6,0.16551724137931,0.2
12808.7,0.16551724137931,0.2
11913.5,0.119540229885057,0.133333333333333
11753.4,0.119540229885057,0.133333333333333
11506.9,0.064367816091954,0.0666666666666666
11362.1,0.217241379310344,0.3
11322.0,0.16551724137931,0.2
11503.0,0.14367816091954,0.166666666666666
11420.4,0.217241379310344,0.3
11423.8,0.240229885057471,0.366666666666666
11533.9,0.119540229885057,0.133333333333333
11371.0,0.16551724137931,0.2
11298.4,0.14367816091954,0.166666666666666
11054.2,0.119540229885057,0.133333333333333
10924.1,0.14367816091954,0.166666666666666
10670.9,0.14367816091954,0.166666666666666
10602.6,0.16551724137931,0.2
10789.5,0.119540229885057,0.133333333333333
10672.9,0.093103448275862,0.1
10544.2,0.14367816091954,0.166666666666666
10572.3,0.202298850574712,0.266666666666666
10620.5,0.119540229885057,0.133333333333333
10776.1,0.202298850574712,0.266666666666666
10840.9,0.14367816091954,0.166666666666666
10693.2,0.14367816091954,0.166666666666666
10776.2,0.093103448275862,0.1
10727.9,0.185057471264367,0.233333333333333
10688.8,0.229885057471264,0.333333333333333
10739.4,0.229885057471264,0.333333333333333
10237.3,0.16551724137931,0.2
10531.5,0.16551724137931,0.2
10416.8,0.240229885057471,0.366666666666666
10921.5,0.169950738916256,0.206896551724137
11081.8,0.14367816091954,0.166666666666666
10933.0,0.14367816091954,0.166666666666666
10941.3,0.16551724137931,0.2
10949.5,0.217241379310344,0.3
10785.3,0.240229885057471,0.366666666666666
10675.3,0.185057471264367,0.233333333333333
10326.0,0.229885057471264,0.333333333333333
10441.9,0.16551724137931,0.2
10390.2,0.119540229885057,0.133333333333333
10339.7,0.119540229885057,0.133333333333333
10224.6,0.14367816091954,0.166666666666666
10126.6,0.202298850574712,0.266666666666666
10376.9,0.16551724137931,0.2
10296.4,0.119540229885057,0.133333333333333
10092.2,0.202298850574712,0.266666666666666
10472.5,0.202298850574712,0.266666666666666
10168.8,0.16551724137931,0.2
11413.3,0.169950738916256,0.206896551724137
11914.9,0.064367816091954,0.0666666666666666
11644.2,0.202298850574712,0.266666666666666
11702.0,0.0,0.0
11468.1,0.093103448275862,0.1
11527.4,0.16551724137931,0.2
11327.4,0.217241379310344,0.3
11462.3,0.202298850574712,0.266666666666666
11324.8,0.202298850574712,0.266666666666666
11753.5,0.14367816091954,0.166666666666666
11641.6,0.185057471264367,0.233333333333333
11661.3,0.119540229885057,0.133333333333333
11529.2,0.064367816091954,0.0666666666666666
11856.9,0.16551724137931,0.2
11750.2,0.14367816091954,0.166666666666666
11947.6,0.093103448275862,0.1
12282.6,0.093103448275862,0.1
11899.0,0.119540229885057,0.133333333333333
11845.3,0.185057471264367,0.233333333333333
11750.8,0.14367816091954,0.166666666666666
11770.9,0.093103448275862,0.1
11557.2,0.229885057471264,0.333333333333333
11390.4,0.064367816091954,0.0666666666666666
11889.2,0.119540229885057,0.133333333333333
11681.2,0.14367816091954,0.166666666666666
11764.3,0.16551724137931,0.2
11592.0,0.185057471264367,0.233333333333333
11757.1,0.119540229885057,0.133333333333333
11735.1,0.064367816091954,0.0666666666666666
11184.7,0.093103448275862,0.1
11224.4,0.16551724137931,0.2
11066.8,0.16551724137931,0.2
11803.1,0.185057471264367,0.233333333333333
11333.4,0.16551724137931,0.2
11096.2,0.217241379310344,0.3
11105.9,0.14367816091954,0.166666666666666
10908.5,0.119540229885057,0.133333333333333
11022.8,0.16551724137931,0.2
9932.5,0.16551724137931,0.2
9704.1,0.093103448275862,0.1
9546.4,0.240229885057471,0.366666666666666
9599.6,0.0333333333333333,0.0333333333333333
9513.7,0.16551724137931,0.2
9387.3,0.093103448275862,0.1
9162.4,0.217241379310344,0.3
9208.0,0.16551724137931,0.2
9170.2,0.119540229885057,0.133333333333333
9155.8,0.16551724137931,0.2
9135.3,0.185057471264367,0.233333333333333
9198.7,0.14367816091954,0.166666666666666
9253.4,0.202298850574712,0.266666666666666
9243.6,0.185057471264367,0.233333333333333
9300.8,0.119540229885057,0.133333333333333
9233.3,0.0333333333333333,0.0333333333333333
9285.1,0.16551724137931,0.2
9235.7,0.14367816091954,0.166666666666666
9429.9,0.202298850574712,0.266666666666666
9256.0,0.14367816091954,0.166666666666666
9339.0,0.14367816091954,0.166666666666666
9081.0,0.093103448275862,0.1
9134.4,0.16551724137931,0.2
9067.1,0.093103448275862,0.1
9085.1,0.202298850574712,0.266666666666666
9229.9,0.14367816091954,0.166666666666666
9135.4,0.202298850574712,0.266666666666666
9185.4,0.185057471264367,0.233333333333333
9124.0,0.119540229885057,0.133333333333333
9008.3,0.217241379310344,0.3
9160.0,0.16551724137931,0.2
9247.5,0.14367816091954,0.166666666666666
9302.0,0.202298850574712,0.266666666666666
9624.6,0.185057471264367,0.233333333333333
9683.7,0.093103448275862,0.1
9296.4,0.185057471264367,0.233333333333333
9358.8,0.093103448275862,0.1
9314.0,0.119540229885057,0.133333333333333
9388.1,0.217241379310344,0.3
9464.6,0.147783251231527,0.172413793103448
9523.5,0.229885057471264,0.333333333333333
9425.4,0.16551724137931,0.2
9345.3,0.16551724137931,0.2
9471.3,0.14367816091954,0.166666666666666
9466.6,0.093103448275862,0.1
9283.2,0.093103448275862,0.1
9878.8,0.202298850574712,0.266666666666666
9768.8,0.16551724137931,0.2
9777.9,0.16551724137931,0.2
9742.6,0.185057471264367,0.233333333333333
9669.6,0.093103448275862,0.1
9631.2,0.093103448275862,0.1
9794.4,0.119540229885057,0.133333333333333
9667.2,0.185057471264367,0.233333333333333
9527.6,0.14367816091954,0.166666666666666
10189.3,0.119540229885057,0.133333333333333
9454.8,0.240229885057471,0.366666666666666
9692.5,0.16551724137931,0.2
9424.8,0.093103448275862,0.1
9572.2,0.16551724137931,0.2
9199.1,0.229885057471264,0.333333333333333
8842.5,0.064367816091954,0.0666666666666666
8898.2,0.202298850574712,0.266666666666666
8728.2,0.093103448275862,0.1
9177.0,0.064367816091954,0.0666666666666666
9169.7,0.14367816091954,0.166666666666666
9059.0,0.0333333333333333,0.0333333333333333
9512.3,0.119540229885057,0.133333333333333
9773.3,0.093103448275862,0.1
9730.7,0.16551724137931,0.2
9677.7,0.16551724137931,0.2
9379.5,0.14367816091954,0.166666666666666
9318.0,0.093103448275862,0.1
9778.4,0.064367816091954,0.0666666666666666
9298.7,0.093103448275862,0.1
8813.8,0.202298850574712,0.266666666666666
8579.8,0.119540229885057,0.133333333333333
8738.8,0.185057471264367,0.233333333333333
9554.6,0.14367816091954,0.166666666666666
9806.2,0.248275862068965,0.4
9979.8,0.119540229885057,0.133333333333333
9151.4,0.093103448275862,0.1
9001.0,0.202298850574712,0.266666666666666
8874.7,0.16551724137931,0.2
8885.5,0.202298850574712,0.266666666666666
8966.3,0.119540229885057,0.133333333333333
8821.6,0.229885057471264,0.333333333333333
8629.0,0.202298850574712,0.266666666666666
8770.9,0.16551724137931,0.2
7746.9,0.119540229885057,0.133333333333333
7766.0,0.119540229885057,0.133333333333333
7678.9,0.064367816091954,0.0666666666666666
7540.4,0.217241379310344,0.3
7503.8,0.16551724137931,0.2
7488.5,0.202298850574712,0.266666666666666
7112.9,0.093103448275862,0.1
6842.5,0.119540229885057,0.133333333333333
6833.5,0.14367816091954,0.166666666666666
7122.9,0.119540229885057,0.133333333333333
7230.8,0.0333333333333333,0.0333333333333333
7035.8,0.185057471264367,0.233333333333333
7085.6,0.119540229885057,0.133333333333333
6629.1,0.16551724137931,0.2
6850.9,0.229885057471264,0.333333333333333
6841.3,0.064367816091954,0.0666666666666666
6917.6,0.185057471264367,0.233333333333333
6867.8,0.202298850574712,0.266666666666666
6863.1,0.189655172413793,0.241379310344827
7289.0,0.185057471264367,0.233333333333333
7361.2,0.185057471264367,0.233333333333333
7185.2,0.202298850574712,0.266666666666666
7332.3,0.093103448275862,0.1
6772.7,0.185057471264367,0.233333333333333
6857.4,0.202298850574712,0.266666666666666
6735.9,0.119540229885057,0.133333333333333
6800.5,0.217241379310344,0.3
6638.5,0.16551724137931,0.2
6412.5,0.185057471264367,0.233333333333333
6391.0,0.119540229885057,0.133333333333333
5890.4,0.217241379310344,0.3
6233.7,0.202298850574712,0.266666666666666
6373.4,0.16551724137931,0.2
6725.1,0.0333333333333333,0.0333333333333333
6678.9,0.093103448275862,0.1
6744.6,0.185057471264367,0.233333333333333
6468.9,0.093103448275862,0.1
5822.1,0.119540229885057,0.133333333333333
6186.2,0.14367816091954,0.166666666666666
6205.3,0.093103448275862,0.1
6172.0,0.064367816091954,0.0666666666666666
5361.4,0.119540229885057,0.133333333333333
5261.1,0.0333333333333333,0.0333333333333333
5030.0,0.093103448275862,0.1
5366.3,0.093103448275862,0.1
5182.7,0.119540229885057,0.133333333333333
5584.3,0.119540229885057,0.133333333333333
4826.0,0.16551724137931,0.2
7935.1,0.185057471264367,0.233333333333333
7891.2,0.14367816091954,0.166666666666666
7933.0,0.093103448275862,0.1
8034.1,0.0960591133004926,0.103448275862068
8887.8,0.217241379310344,0.3
9134.8,0.093103448275862,0.1
9060.3,0.093103448275862,0.1
8757.9,0.0333333333333333,0.0333333333333333
8761.4,0.16551724137931,0.2
8904.8,0.119540229885057,0.133333333333333
8540.0,0.16551724137931,0.2
8543.7,0.169950738916256,0.206896551724137
8697.5,0.064367816091954,0.0666666666666666
8818.6,0.14367816091954,0.166666666666666
8800.3,0.119540229885057,0.133333333333333
9317.2,0.16551724137931,0.2
9662.7,0.185057471264367,0.233333333333333
9942.7,0.14367816091954,0.166666666666666
9655.7,0.202298850574712,0.266666666666666
9684.5,0.185057471264367,0.233333333333333
9602.4,0.254022988505747,0.566666666666666
9609.4,0.185057471264367,0.233333333333333
10158.4,0.093103448275862,0.1
9701.4,0.16551724137931,0.2
9932.3,0.202298850574712,0.266666666666666
9907.7,0.202298850574712,0.266666666666666
10333.0,0.093103448275862,0.1
10235.1,0.185057471264367,0.233333333333333
10317.7,0.119540229885057,0.133333333333333
10229.5,0.093103448275862,0.1
9854.1,0.14367816091954,0.166666666666666
10151.5,0.119540229885057,0.133333333333333
9895.5,0.16551724137931,0.2
9818.6,0.119540229885057,0.133333333333333
9772.0,0.0333333333333333,0.0333333333333333
9611.8,0.119540229885057,0.133333333333333
9193.9,0.14367816091954,0.166666666666666
9296.6,0.14367816091954,0.166666666666666
9334.9,0.185057471264367,0.233333333333333
9381.6,0.185057471264367,0.233333333333333
9507.3,0.16551724137931,0.2
9298.9,0.202298850574712,0.266666666666666
9377.3,0.0333333333333333,0.0333333333333333
8866.6,0.185057471264367,0.233333333333333
8607.8,0.119540229885057,0.133333333333333
8341.6,0.119540229885057,0.133333333333333
8439.9,0.093103448275862,0.1
8405.1,0.229885057471264,0.333333333333333
8678.5,0.16551724137931,0.2
8732.6,0.119540229885057,0.133333333333333
8641.9,0.240229885057471,0.366666666666666
8706.2,0.119540229885057,0.133333333333333
8916.3,0.217241379310344,0.3
8913.1,0.185057471264367,0.233333333333333
8726.9,0.093103448275862,0.1
8818.3,0.093103448275862,0.1
8829.2,0.064367816091954,0.0666666666666666
8111.4,0.119540229885057,0.133333333333333
8187.6,0.119540229885057,0.133333333333333
8024.1,0.248275862068965,0.4
8187.1,0.119540229885057,0.133333333333333
7842.4,0.14367816091954,0.166666666666666
8059.6,0.093103448275862,0.1
8155.7,0.229885057471264,0.333333333333333
7759.1,0.064367816091954,0.0666666666666666
7372.5,0.119540229885057,0.133333333333333
7376.8,0.185057471264367,0.233333333333333
7343.1,0.202298850574712,0.266666666666666
6967.0,0.14367816091954,0.166666666666666
7199.8,0.185057471264367,0.233333333333333
7196.4,0.185057471264367,0.233333333333333
7261.8,0.14367816091954,0.166666666666666
7397.5,0.119540229885057,0.133333333333333
7321.5,0.185057471264367,0.233333333333333
7261.7,0.064367816091954,0.0666666666666666
7210.9,0.240229885057471,0.366666666666666
7224.8,0.16551724137931,0.2
7268.3,0.202298850574712,0.266666666666666
7322.8,0.185057471264367,0.233333333333333
7495.8,0.14367816091954,0.166666666666666
7156.2,0.14367816091954,0.166666666666666
7196.4,0.185057471264367,0.233333333333333
7165.5,0.14367816091954,0.166666666666666
7276.0,0.16551724137931,0.2
6613.3,0.202298850574712,0.266666666666666
6903.5,0.14367816091954,0.166666666666666
7128.5,0.248275862068965,0.4
7080.8,0.14367816091954,0.166666666666666
7255.2,0.14367816091954,0.166666666666666
7208.0,0.217241379310344,0.3
7208.0,0.240229885057471,0.366666666666666
7235.7,0.16551724137931,0.2
7355.8,0.119540229885057,0.133333333333333
7524.4,0.16551724137931,0.2
7510.9,0.119540229885057,0.133333333333333
7530.8,0.14367816091954,0.166666666666666
7399.2,0.202298850574712,0.266666666666666
7204.4,0.217241379310344,0.3
7291.8,0.248275862068965,0.4
7298.2,0.217241379310344,0.3
7396.4,0.14367816091954,0.166666666666666
7546.6,0.16551724137931,0.2
7742.7,0.185057471264367,0.233333333333333
7426.7,0.229885057471264,0.333333333333333
7510.6,0.14367816091954,0.166666666666666
7162.8,0.185057471264367,0.233333333333333
7115.6,0.202298850574712,0.266666666666666
6924.7,0.185057471264367,0.233333333333333
7324.1,0.185057471264367,0.233333333333333
7272.5,0.229885057471264,0.333333333333333
7627.9,0.119540229885057,0.133333333333333
8099.3,0.16551724137931,0.2
8145.7,0.14367816091954,0.166666666666666
8208.4,0.185057471264367,0.233333333333333
8509.8,0.202298850574712,0.266666666666666
8497.3,0.185057471264367,0.233333333333333
8476.3,0.202298850574712,0.266666666666666
8661.2,0.185057471264367,0.233333333333333
8783.1,0.257471264367816,0.466666666666666
8812.6,0.229885057471264,0.333333333333333
8736.9,0.202298850574712,0.266666666666666
9036.8,0.14367816091954,0.166666666666666
8804.5,0.229885057471264,0.333333333333333
8778.2,0.257471264367816,0.466666666666666
9223.5,0.064367816091954,0.0666666666666666
9338.9,0.14367816091954,0.166666666666666
9310.8,0.093103448275862,0.1
9396.4,0.16551724137931,0.2
9198.3,0.14367816091954,0.166666666666666
9300.6,0.16551724137931,0.2
9230.1,0.16551724137931,0.2
9152.6,0.16551724137931,0.2
9157.9,0.185057471264367,0.233333333333333
9411.3,0.16551724137931,0.2
9207.2,0.16551724137931,0.2
9529.6,0.064367816091954,0.0666666666666666
9230.6,0.064367816091954,0.0666666666666666
8658.3,0.16551724137931,0.2
7422.7,0.202298850574712,0.266666666666666
7477.0,0.14367816091954,0.166666666666666
8031.4,0.14367816091954,0.166666666666666
8208.2,0.16551724137931,0.2
8223.4,0.14367816091954,0.166666666666666
7957.3,0.14367816091954,0.166666666666666
7948.5,0.16551724137931,0.2
8073.3,0.0333333333333333,0.0333333333333333
8000.4,0.093103448275862,0.1
8167.2,0.14367816091954,0.166666666666666
8353.3,0.248275862068965,0.4
8281.5,0.093103448275862,0.1
8304.4,0.185057471264367,0.233333333333333
8267.8,0.14367816091954,0.166666666666666
8562.3,0.119540229885057,0.133333333333333
8566.7,0.16551724137931,0.2
8182.9,0.202298850574712,0.266666666666666
8198.6,0.185057471264367,0.233333333333333
7881.9,0.093103448275862,0.1
8127.3,0.16551724137931,0.2
8148.1,0.229885057471264,0.333333333333333
8226.9,0.064367816091954,0.0666666666666666
8364.1,0.202298850574712,0.266666666666666
8302.7,0.185057471264367,0.233333333333333
8284.3,0.093103448275862,0.1
8049.1,0.14367816091954,0.166666666666666
8208.5,0.202298850574712,0.266666666666666
8184.9,0.14367816091954,0.166666666666666
8063.8,0.185057471264367,0.233333333333333
8432.4,0.093103448275862,0.1
8513.9,0.185057471264367,0.233333333333333
9702.2,0.119540229885057,0.133333333333333
10031.6,0.093103448275862,0.1
9993.0,0.185057471264367,0.233333333333333
10172.7,0.229885057471264,0.333333333333333
10250.5,0.202298850574712,0.266666666666666
10164.7,0.185057471264367,0.233333333333333
10195.7,0.119540229885057,0.133333333333333
10255.5,0.185057471264367,0.233333333333333
10311.5,0.217241379310344,0.3
10337.3,0.14367816091954,0.166666666666666
10342.1,0.185057471264367,0.233333333333333
10415.1,0.202298850574712,0.266666666666666
10162.5,0.14367816091954,0.166666666666666
10105.4,0.217241379310344,0.3
10309.0,0.119540229885057,0.133333333333333
10402.8,0.16551724137931,0.2
10461.1,0.217241379310344,0.3
10309.3,0.185057471264367,0.233333333333333
10566.9,0.14367816091954,0.166666666666666
10568.2,0.229885057471264,0.333333333333333
10612.3,0.217241379310344,0.3
10348.8,0.185057471264367,0.233333333333333
9729.3,0.139784946236559,0.161290322580645
9594.4,0.064367816091954,0.0666666666666666
9585.4,0.185057471264367,0.233333333333333
9491.0,0.119540229885057,0.133333333333333
9729.4,0.202298850574712,0.266666666666666
10184.8,0.185057471264367,0.233333333333333
10371.8,0.202298850574712,0.266666666666666
10136.3,0.119540229885057,0.133333333333333
10131.0,0.119540229885057,0.133333333333333
10388.7,0.119540229885057,0.133333333333333
10105.0,0.136088709677419,0.15625
10141.5,0.116129032258064,0.129032258064516
10752.6,0.202298850574712,0.266666666666666
10910.7,0.229885057471264,0.333333333333333
10312.7,0.14367816091954,0.166666666666666
10218.1,0.185057471264367,0.233333333333333
10335.6,0.16551724137931,0.2
10303.4,0.093103448275862,0.1
10049.4,0.119540229885057,0.133333333333333
10892.9,0.14367816091954,0.166666666666666
11394.2,0.16551724137931,0.2
11517.2,0.119540229885057,0.133333333333333
11314.5,0.14367816091954,0.166666666666666
12089.8,0.185057471264367,0.233333333333333
12191.6,0.217241379310344,0.3
12013.9,0.185057471264367,0.233333333333333
11480.9,0.14367816091954,0.166666666666666
11816.8,0.119540229885057,0.133333333333333
10934.6,0.119540229885057,0.133333333333333
10815.7,0.217241379310344,0.3
10520.1,0.119540229885057,0.133333333333333
10380.0,0.16551724137931,0.2
10082.0,0.16551724137931,0.2
9580.7,0.16551724137931,0.2
9580.9,0.14367816091954,0.166666666666666
9727.8,0.14367816091954,0.166666666666666
9492.1,0.093103448275862,0.1
9831.0,0.16551724137931,0.2
9945.3,0.16551724137931,0.2
9804.3,0.14367816091954,0.166666666666666
9888.7,0.16551724137931,0.2
10412.5,0.119540229885057,0.133333333333333
10714.4,0.14367816091954,0.166666666666666
10826.7,0.14367816091954,0.166666666666666
10571.5,0.119540229885057,0.133333333333333
10651.4,0.161290322580645,0.193548387096774
9723.2,0.15340909090909,0.181818181818181
9424.8,0.093103448275862,0.1
10845.9,0.217241379310344,0.3
10200.1,0.16551724137931,0.2
11364.9,0.119540229885057,0.133333333333333
11762.1,0.0285714285714285,0.0285714285714285
11342.3,0.193548387096774,0.25
12110.6,0.197849462365591,0.258064516129032
12541.5,0.0333333333333333,0.0333333333333333
12252.6,0.093103448275862,0.1
11415.9,0.212903225806451,0.290322580645161
11268.0,0.240229885057471,0.366666666666666
10970.2,0.185057471264367,0.233333333333333
11163.1,0.14367816091954,0.166666666666666
11900.8,0.16551724137931,0.2
10835.9,0.119540229885057,0.133333333333333
10616.6,0.16551724137931,0.2
10818.6,0.185057471264367,0.233333333333333
11906.5,0.14367816091954,0.166666666666666
12409.1,0.14367816091954,0.166666666666666
11287.8,0.248275862068965,0.4
13063.8,0.119540229885057,0.133333333333333
11809.9,0.161290322580645,0.193548387096774
11046.4,0.202298850574712,0.266666666666666
10897.1,0.119540229885057,0.133333333333333
10721.7,0.185057471264367,0.233333333333333
10179.3,0.14367816091954,0.166666666666666
9517.0,0.185057471264367,0.233333333333333
9255.4,0.064367816091954,0.0666666666666666
9080.6,0.202298850574712,0.266666666666666
9318.8,0.217241379310344,0.3
8962.5,0.16551724137931,0.2
8812.5,0.14367816091954,0.166666666666666
8656.1,0.16551724137931,0.2
8219.0,0.16551724137931,0.2
8133.1,0.093103448275862,0.1
7888.0,0.185057471264367,0.233333333333333
7987.8,0.16551724137931,0.2
7635.0,0.064367816091954,0.0666666666666666
7901.4,0.119540229885057,0.133333333333333
7985.2,0.14367816091954,0.166666666666666
7784.9,0.229885057471264,0.333333333333333
7779.1,0.093103448275862,0.1
7685.5,0.185057471264367,0.233333333333333
8124.8,0.14367816091954,0.166666666666666
8728.6,0.217241379310344,0.3
8545.7,0.093103448275862,0.1
8558.3,0.16551724137931,0.2
8271.9,0.14367816091954,0.166666666666666
8647.8,0.240229885057471,0.366666666666666
8716.3,0.202298850574712,0.266666666666666
8760.1,0.14367816091954,0.166666666666666
8630.2,0.185057471264367,0.233333333333333
8027.4,0.16551724137931,0.2
7970.1,0.0333333333333333,0.0333333333333333
7852.1,0.185057471264367,0.233333333333333
7635.7,0.185057471264367,0.233333333333333
7930.3,0.185057471264367,0.233333333333333
7965.3,0.093103448275862,0.1
8157.2,0.202298850574712,0.266666666666666
7262.6,0.064367816091954,0.0666666666666666
7359.5,0.093103448275862,0.1
7871.8,0.180645161290322,0.225806451612903
8164.6,0.14367816091954,0.166666666666666
7994.6,0.093103448275862,0.1
7806.0,0.116129032258064,0.129032258064516
6984.8,0.14367816091954,0.166666666666666
7190.3,0.254022988505747,0.433333333333333
6191.5,0.093103448275862,0.1
5990.3,0.185057471264367,0.233333333333333
5849.5,0.185057471264367,0.233333333333333
5745.1,0.185057471264367,0.233333333333333
5774.9,0.119540229885057,0.133333333333333
5830.9,0.093103448275862,0.1
5766.8,0.185057471264367,0.233333333333333
5493.8,0.093103448275862,0.1
5384.2,0.248275862068965,0.4
5320.8,0.14367816091954,0.166666666666666
5235.0,0.14367816091954,0.166666666666666
5302.3,0.185057471264367,0.233333333333333
5265.9,0.093103448275862,0.1
5298.3,0.0333333333333333,0.0333333333333333
5209.1,0.16551724137931,0.2
5415.6,0.14367816091954,0.166666666666666
5511.6,0.14367816091954,0.166666666666666
5346.7,0.119540229885057,0.133333333333333
5243.5,0.202298850574712,0.266666666666666
5290.2,0.229885057471264,0.333333333333333
5241.0,0.119540229885057,0.133333333333333
5264.7,0.185057471264367,0.233333333333333
5208.3,0.229885057471264,0.333333333333333
5180.9,0.217241379310344,0.3
5032.3,0.16551724137931,0.2
5134.8,0.243842364532019,0.379310344827586
5051.8,0.202298850574712,0.266666666666666
5054.2,0.16551724137931,0.2
5022.6,0.185057471264367,0.233333333333333
5307.8,0.185057471264367,0.233333333333333
5158.4,0.16551724137931,0.2
5245.2,0.16551724137931,0.2
5173.6,0.14367816091954,0.166666666666666
5046.2,0.14367816091954,0.166666666666666
5010.2,0.202298850574712,0.266666666666666
4902.4,0.185057471264367,0.233333333333333
4968.7,0.254022988505747,0.433333333333333
4859.3,0.202298850574712,0.266666666666666
4145.1,0.229885057471264,0.333333333333333
4102.3,0.064367816091954,0.0666666666666666
4111.8,0.229885057471264,0.333333333333333
4102.2,0.14367816091954,0.166666666666666
4025.6,0.202298850574712,0.266666666666666
4041.7,0.14367816091954,0.166666666666666
3937.0,0.16551724137931,0.2
3994.7,0.185057471264367,0.233333333333333
4002.5,0.185057471264367,0.233333333333333
3990.4,0.185057471264367,0.233333333333333
3982.2,0.14367816091954,0.166666666666666
4041.2,0.217241379310344,0.3
4017.0,0.240229885057471,0.366666666666666
3990.2,0.16551724137931,0.2
3981.5,0.169950738916256,0.206896551724137
4006.4,0.185057471264367,0.233333333333333
3924.3,0.202298850574712,0.266666666666666
3879.0,0.16551724137931,0.2
3865.1,0.202298850574712,0.266666666666666
3886.0,0.119540229885057,0.133333333333333
3870.3,0.14367816091954,0.166666666666666
3915.2,0.185057471264367,0.233333333333333
3944.3,0.139784946236559,0.161290322580645
3865.9,0.217241379310344,0.3
3875.1,0.093103448275862,0.1
3863.0,0.202298850574712,0.266666666666666
3857.2,0.14367816091954,0.166666666666666
3715.9,0.185057471264367,0.233333333333333
3809.5,0.221774193548387,0.3125
3823.1,0.093103448275862,0.1
3821.9,0.185057471264367,0.233333333333333
3816.6,0.202298850574712,0.266666666666666
3814.6,0.202298850574712,0.266666666666666
3810.3,0.185057471264367,0.233333333333333
3833.7,0.119540229885057,0.133333333333333
3755.2,0.119540229885057,0.133333333333333
4120.4,0.16551724137931,0.2
3965.2,0.0333333333333333,0.0333333333333333
3936.6,0.119540229885057,0.133333333333333
3972.4,0.229885057471264,0.333333333333333
3914.3,0.202298850574712,0.266666666666666
3896.0,0.14367816091954,0.166666666666666
3664.2,0.14367816091954,0.166666666666666
3616.8,0.185057471264367,0.233333333333333
3604.7,0.14367816091954,0.166666666666666
3592.6,0.14367816091954,0.166666666666666
3611.5,0.16551724137931,0.2
3632.0,0.16551724137931,0.2
3631.8,0.14367816091954,0.166666666666666
3679.0,0.208669354838709,0.28125
3661.4,0.0852272727272727,0.0909090909090909
3661.7,0.217241379310344,0.3
3397.7,0.16551724137931,0.2
3404.3,0.240229885057471,0.366666666666666
3468.4,0.169950738916256,0.206896551724137
3462.8,0.0333333333333333,0.0333333333333333
3459.1,0.144927536231884,0.166666666666666
3502.5,0.119540229885057,0.133333333333333
3467.9,0.093103448275862,0.1
3437.2,0.202298850574712,0.266666666666666
3460.0,0.093103448275862,0.1
3414.8,0.202298850574712,0.266666666666666
3442.8,0.217241379310344,0.3
3555.6,0.14367816091954,0.166666666666666
3570.9,0.119540229885057,0.133333333333333
3572.0,0.14367816091954,0.166666666666666
3574.3,0.093103448275862,0.1
3561.5,0.16551724137931,0.2
3580.1,0.119540229885057,0.133333333333333
3536.7,0.217241379310344,0.3
3542.3,0.064367816091954,0.0666666666666666
3677.8,0.240229885057471,0.366666666666666
3605.6,0.202298850574712,0.266666666666666
3626.4,0.16551724137931,0.2
3588.0,0.217241379310344,0.3
3571.3,0.185057471264367,0.233333333333333
3638.1,0.093103448275862,0.1
3490.2,0.14367816091954,0.166666666666666
3597.2,0.119540229885057,0.133333333333333
3616.5,0.064367816091954,0.0666666666666666
3603.7,0.16551724137931,0.2
3978.0,0.14367816091954,0.166666666666666
3971.0,0.0,0.0
3985.9,0.14367816091954,0.166666666666666
4004.1,0.123152709359605,0.137931034482758
3780.1,0.266666666666666,0.4
3873.8,0.16551724137931,0.2
3809.4,0.202298850574712,0.266666666666666
3709.4,0.16551724137931,0.2
3815.0,0.16551724137931,0.2
3706.8,0.14367816091954,0.166666666666666
3861.6,0.185057471264367,0.233333333333333
3586.9,0.16551724137931,0.2
3793.7,0.185057471264367,0.233333333333333
3964.4,0.131054131054131,0.148148148148148
3850.9,0.093103448275862,0.1
4076.0,0.185057471264367,0.233333333333333
3687.1,0.093103448275862,0.1
3668.0,0.064367816091954,0.0666666666666666
3526.1,0.16551724137931,0.2
3247.9,0.185057471264367,0.233333333333333
3228.7,0.16551724137931,0.2
3247.8,0.217241379310344,0.3
3315.3,0.16551724137931,0.2
3466.1,0.119540229885057,0.133333333333333
3407.7,0.14367816091954,0.166666666666666
3460.5,0.14367816091954,0.166666666666666
3567.5,0.126984126984127,0.142857142857142
3430.4,0.14367816091954,0.166666666666666
3422.2,0.185057471264367,0.233333333333333
3508.6,0.217241379310344,0.3
3771.6,0.185057471264367,0.233333333333333
3958.5,0.185057471264367,0.233333333333333
3897.8,0.16551724137931,0.2
4296.5,0.14367816091954,0.166666666666666
4265.4,0.14367816091954,0.166666666666666
3866.5,0.16551724137931,0.2
4062.2,0.226190476190476,0.321428571428571
3920.4,0.184615384615384,0.23076923076923
4398.0,0.185057471264367,0.233333333333333
4356.0,0.185057471264367,0.233333333333333
4638.7,0.240229885057471,0.366666666666666
4524.6,0.202298850574712,0.266666666666666
4883.8,0.229885057471264,0.333333333333333
5658.3,0.128571428571428,0.142857142857142
5621.8,0.119540229885057,0.133333333333333
5636.2,0.202298850574712,0.266666666666666
5718.9,0.14367816091954,0.166666666666666
5842.4,0.119540229885057,0.133333333333333
6478.2,0.119540229885057,0.133333333333333
6386.2,0.093103448275862,0.1
6424.7,0.16551724137931,0.2
6400.5,0.202298850574712,0.266666666666666
6365.9,0.093103448275862,0.1
6325.7,0.185057471264367,0.233333333333333
6335.0,0.217241379310344,0.3
6486.1,0.221343873517786,0.304347826086956
6494.2,0.0344827586206896,0.0344827586206896
6510.0,0.064367816091954,0.0666666666666666
6507.0,0.16551724137931,0.2
6530.7,0.14367816091954,0.166666666666666
6528.7,0.123152709359605,0.137931034482758
6555.8,0.14367816091954,0.166666666666666
6574.1,0.185057471264367,0.233333333333333
6686.6,0.229885057471264,0.333333333333333
6705.3,0.093103448275862,0.1
6699.8,0.185057471264367,0.233333333333333
6326.8,0.217241379310344,0.3
6321.7,0.248275862068965,0.4
6291.3,0.185057471264367,0.233333333333333
6239.1,0.229885057471264,0.333333333333333
6618.0,0.093103448275862,0.1
6650.8,0.185057471264367,0.233333333333333
6669.6,0.217241379310344,0.3
6611.0,0.16551724137931,0.2
6596.3,0.229885057471264,0.333333333333333
6639.1,0.217241379310344,0.3
6584.2,0.185057471264367,0.233333333333333
6507.8,0.185057471264367,0.233333333333333
6549.9,0.064367816091954,0.0666666666666666
6608.2,0.16551724137931,0.2
6635.2,0.217241379310344,0.3
6603.9,0.16551724137931,0.2
6636.0,0.119540229885057,0.133333333333333
6689.2,0.119540229885057,0.133333333333333
6468.1,0.14367816091954,0.166666666666666
6445.1,0.119540229885057,0.133333333333333
6584.1,0.14367816091954,0.166666666666666
6704.1,0.119540229885057,0.133333333333333
6729.6,0.185057471264367,0.233333333333333
6766.7,0.14367816091954,0.166666666666666
6489.2,0.185057471264367,0.233333333333333
6390.4,0.064367816091954,0.0666666666666666
6342.0,0.248275862068965,0.4
6251.9,0.248275862068965,0.4
6500.2,0.119540229885057,0.133333333333333
6519.0,0.14367816091954,0.166666666666666
6483.7,0.185057471264367,0.233333333333333
6482.9,0.202298850574712,0.266666666666666
6338.0,0.16551724137931,0.2
6293.9,0.119540229885057,0.133333333333333
6321.0,0.185057471264367,0.233333333333333
6238.5,0.064367816091954,0.0666666666666666
6184.3,0.14367816091954,0.166666666666666
6390.9,0.16551724137931,0.2
6514.0,0.202298850574712,0.266666666666666
6706.8,0.064367816091954,0.0666666666666666
7377.5,0.14367816091954,0.166666666666666
7264.2,0.14367816091954,0.166666666666666
7293.9,0.119540229885057,0.133333333333333
7189.6,0.16551724137931,0.2
7033.8,0.185057471264367,0.233333333333333
6993.7,0.119540229885057,0.133333333333333
7029.1,0.14367816091954,0.166666666666666
7074.6,0.202298850574712,0.266666666666666
6897.6,0.229885057471264,0.333333333333333
6712.7,0.064367816091954,0.0666666666666666
6734.8,0.14367816091954,0.166666666666666
6680.4,0.217241379310344,0.3
6521.2,0.093103448275862,0.1
6359.6,0.16551724137931,0.2
6482.2,0.202298850574712,0.266666666666666
6268.1,0.202298850574712,0.266666666666666
6481.5,0.185057471264367,0.233333333333333
6379.1,0.16551724137931,0.2
6581.7,0.064367816091954,0.0666666666666666
6306.7,0.16551724137931,0.2
6256.9,0.119540229885057,0.133333333333333
6190.2,0.093103448275862,0.1
6255.3,0.202298850574712,0.266666666666666
6313.0,0.14367816091954,0.166666666666666
6231.6,0.185057471264367,0.233333333333333
6152.3,0.169950738916256,0.206896551724137
6538.8,0.233990147783251,0.344827586206896
6283.6,0.14367816091954,0.166666666666666
6724.9,0.202298850574712,0.266666666666666
6943.6,0.202298850574712,0.266666666666666
7027.1,0.119540229885057,0.133333333333333
7014.3,0.248275862068965,0.4
7419.0,0.217241379310344,0.3
7535.6,0.202298850574712,0.266666666666666
7606.4,0.185057471264367,0.233333333333333
7729.4,0.185057471264367,0.233333333333333
8177.1,0.14367816091954,0.166666666666666
8215.6,0.14367816091954,0.166666666666666
8234.1,0.202298850574712,0.266666666666666
8187.4,0.16551724137931,0.2
7937.0,0.229885057471264,0.333333333333333
8173.7,0.22167487684729,0.310344827586206
8407.0,0.14367816091954,0.166666666666666
7723.0,0.16551724137931,0.2
7412.3,0.185057471264367,0.233333333333333
7408.7,0.217241379310344,0.3
7339.4,0.202298850574712,0.266666666666666
7477.5,0.16551724137931,0.2
7383.6,0.093103448275862,0.1
7322.0,0.119540229885057,0.133333333333333
6729.9,0.093103448275862,0.1
6362.9,0.202298850574712,0.266666666666666
6254.8,0.16551724137931,0.2
6230.2,0.119540229885057,0.133333333333333
6250.6,0.14367816091954,0.166666666666666
6389.1,0.064367816091954,0.0666666666666666
6307.2,0.14367816091954,0.166666666666666
6667.1,0.064367816091954,0.0666666666666666
6714.8,0.093103448275862,0.1
6765.5,0.119540229885057,0.133333333333333
6617.7,0.16551724137931,0.2
6546.5,0.0333333333333333,0.0333333333333333
6598.4,0.185057471264367,0.233333333333333
6513.5,0.14367816091954,0.166666666666666
6619.5,0.185057471264367,0.233333333333333
6366.8,0.14367816091954,0.166666666666666
6398.9,0.14367816091954,0.166666666666666
6213.3,0.202298850574712,0.266666666666666
5883.5,0.119540229885057,0.133333333333333
6154.9,0.093103448275862,0.1
6082.1,0.14367816091954,0.166666666666666
6256.6,0.217241379310344,0.3
6154.6,0.14367816091954,0.166666666666666
6167.3,0.093103448275862,0.1
6055.7,0.0333333333333333,0.0333333333333333
6728.0,0.119540229885057,0.133333333333333
6765.4,0.0333333333333333,0.0333333333333333
6752.4,0.0333333333333333,0.0333333333333333
6719.8,0.093103448275862,0.1
6460.3,0.119540229885057,0.133333333333333
6505.8,0.119540229885057,0.133333333333333
6410.3,0.229885057471264,0.333333333333333
6647.1,0.119540229885057,0.133333333333333
6312.3,0.119540229885057,0.133333333333333
6558.2,0.093103448275862,0.1
6885.9,0.16551724137931,0.2
6775.1,0.093103448275862,0.1
7515.8,0.119540229885057,0.133333333333333
7622.1,0.16551724137931,0.2
7697.8,0.14367816091954,0.166666666666666
7661.0,0.14367816091954,0.166666666666666
7631.5,0.119540229885057,0.133333333333333
7504.3,0.16551724137931,0.2
7729.3,0.16551724137931,0.2
7646.6,0.119540229885057,0.133333333333333
7530.8,0.119540229885057,0.133333333333333
7502.6,0.16551724137931,0.2
7400.1,0.093103448275862,0.1
7467.7,0.14367816091954,0.166666666666666
7119.3,0.147783251231527,0.172413793103448
7366.7,0.16551724137931,0.2
7361.3,0.119540229885057,0.133333333333333
7477.7,0.16551724137931,0.2
7592.9,0.185057471264367,0.233333333333333
7512.3,0.064367816091954,0.0666666666666666
8006.0,0.119540229885057,0.133333333333333
8403.3,0.16551724137931,0.2
8529.0,0.064367816091954,0.0666666666666666
8245.1,0.119540229885057,0.133333333333333
8245.7,0.14367816091954,0.166666666666666
8063.0,0.185057471264367,0.233333333333333
8344.4,0.14367816091954,0.166666666666666
8477.0,0.14367816091954,0.166666666666666
8674.1,0.14367816091954,0.166666666666666
8693.5,0.093103448275862,0.1
8459.5,0.202298850574712,0.266666666666666
8408.3,0.217241379310344,0.3
9025.7,0.16551724137931,0.2
9319.1,0.14367816091954,0.166666666666666
9196.4,0.229885057471264,0.333333333333333
9431.6,0.217241379310344,0.3
9656.4,0.217241379310344,0.3
9853.5,0.16551724137931,0.2
9708.6,0.14367816091954,0.166666666666666
9749.7,0.093103448275862,0.1
9243.2,0.119540229885057,0.133333333333333
9074.9,0.16551724137931,0.2
9245.1,0.185057471264367,0.233333333333333
9415.1,0.14367816091954,0.166666666666666
9352.4,0.064367816091954,0.0666666666666666
8940.9,0.202298850574712,0.266666666666666
9287.0,0.185057471264367,0.233333333333333
8873.1,0.16551724137931,0.2
9645.3,0.119540229885057,0.133333333333333
8952.8,0.14367816091954,0.166666666666666
8806.7,0.093103448275862,0.1
8923.1,0.064367816091954,0.0666666666666666
8867.0,0.119540229885057,0.133333333333333
8290.8,0.119540229885057,0.133333333333333
8178.4,0.16551724137931,0.2
7908.6,0.119540229885057,0.133333333333333
8070.0,0.185057471264367,0.233333333333333
8363.6,0.119540229885057,0.133333333333333
8004.4,0.093103448275862,0.1
7887.4,0.0333333333333333,0.0333333333333333
7926.6,0.185057471264367,0.233333333333333
6962.1,0.14367816091954,0.166666666666666
6854.8,0.16551724137931,0.2
6781.9,0.093103448275862,0.1
7030.5,0.16551724137931,0.2
6905.7,0.093103448275862,0.1
6624.3,0.093103448275862,0.1
6782.0,0.093103448275862,0.1
6808.9,0.119540229885057,0.133333333333333
7424.2,0.16551724137931,0.2
7068.4,0.119540229885057,0.133333333333333
6825.2,0.16551724137931,0.2
