price,sentiment
61309.6,0.1
61840.1,0.0
62242.8,0.0333333333333333
60582.5,0.0666666666666666
58438.1,0.0
60310.8,0.133333333333333
63067.0,0.166666666666666
60866.5,0.0666666666666666
61312.5,-0.0333333333333333
60690.3,-0.166666666666666
62210.2,-0.0666666666666666
65979.1,-0.0666666666666666
64278.5,0.0333333333333333
62056.3,0.133333333333333
61527.5,0.0666666666666666
60861.1,-0.0333333333333333
61672.5,-0.233333333333333
57345.8,0.0666666666666666
57380.1,0.0
56015.9,0.133333333333333
57477.3,0.0666666666666666
54687.7,-0.0666666666666666
54942.5,0.133333333333333
53914.7,-0.0666666666666666
53783.9,-0.0333333333333333
55323.2,0.0
51469.3,-0.0333333333333333
49227.3,0.0333333333333333
48200.1,-0.1
47666.9,0.0333333333333333
48146.0,0.0666666666666666
43823.3,0.0
41536.8,0.233333333333333
41022.3,0.133333333333333
42172.6,-0.0333333333333333
43203.4,-0.1
42686.8,-0.0333333333333333
42819.9,0.166666666666666
44869.2,0.266666666666666
43551.6,0.1
40651.3,0.0
42870.6,-0.1
47238.7,0.133333333333333
48306.7,0.2
47282.8,0.0
47748.0,0.166666666666666
48130.6,0.0666666666666666
47077.5,0.0333333333333333
44949.5,0.0666666666666666
46062.3,0.0333333333333333
45161.9,0.0
44842.8,-0.0333333333333333
46385.6,0.0
46061.4,0.1
46779.6,0.103448275862068
52672.1,0.1
51768.6,0.1
49918.4,0.0333333333333333
49999.0,-0.0333333333333333
49274.3,0.133333333333333
48819.4,0.133333333333333
47130.4,0.0666666666666666
46992.7,0.233333333333333
48777.4,-0.0666666666666666
48897.1,0.0666666666666666
49064.3,0.1
46831.6,-0.0333333333333333
48994.5,-0.0333333333333333
47714.7,0.133333333333333
49539.7,-0.0666666666666666
49254.5,-0.0333333333333333
48875.8,0.166666666666666
49324.0,0.166666666666666
46755.9,0.0666666666666666
44723.8,0.0666666666666666
44691.6,0.0
45996.3,0.2
46991.3,-0.0333333333333333
47081.5,-0.1
47809.1,0.0666666666666666
44403.4,0.233333333333333
45564.3,0.0333333333333333
45593.8,0.0
46284.3,0.0
43792.8,0.1
44614.2,-0.0666666666666666
42795.4,0.166666666666666
40867.2,0.0666666666666666
39736.9,0.133333333333333
38130.3,-0.0333333333333333
39168.4,0.0
39878.3,0.1
41553.7,0.1
42203.4,0.0666666666666666
40001.4,-0.1
40003.2,0.1
39452.0,0.0333333333333333
37276.6,0.1
35391.1,-0.166666666666666
33824.8,0.133333333333333
33603.3,-0.0333333333333333
32298.9,0.0333333333333333
32131.4,0.0333333333333333
29793.8,-0.133333333333333
30837.2,0.0333333333333333
31785.4,0.133333333333333
31518.6,0.0666666666666666
31394.0,0.1
31840.5,0.0333333333333333
32820.7,-0.0666666666666666
32728.1,-0.0333333333333333
33113.0,0.0
34227.7,-0.0666666666666666
33510.6,0.0333333333333333
33797.4,0.3
32866.3,0.133333333333333
33867.8,0.0
34225.6,0.0333333333333333
33687.8,0.0333333333333333
35298.2,0.0333333333333333
34742.8,0.0344827586206896
33813.4,0.0333333333333333
33543.6,-0.1
35026.9,-0.2
35834.7,0.0
34475.9,0.0666666666666666
34678.5,0.0333333333333333
32243.4,0.133333333333333
31594.0,-0.133333333333333
34665.8,0.0666666666666666
33674.3,0.1
32496.4,0.04
31692.0,0.0333333333333333
35595.8,-0.1
35513.4,0.0666666666666666
35749.4,0.1
38052.0,0.0666666666666666
38336.0,0.166666666666666
40156.1,0.1
40529.4,-0.0666666666666666
39022.9,0.0333333333333333
35467.5,0.0333333333333333
37314.6,-0.166666666666666
36649.4,-0.0333333333333333
37332.2,0.0666666666666666
33382.9,0.133333333333333
33578.0,0.133333333333333
35815.4,0.0333333333333333
35520.0,-0.1
36851.3,-0.0333333333333333
39187.3,0.0666666666666666
37555.8,0.166666666666666
36687.6,0.0666666666666666
37298.6,0.0
35652.8,0.166666666666666
34584.6,0.0
35662.5,0.0333333333333333
38417.3,0.0333333333333333
39249.2,0.1
38378.3,-0.1
38750.6,0.0
34679.7,-0.133333333333333
37448.3,0.0
37297.4,-0.0333333333333333
40717.2,0.1
36720.5,0.0
42897.3,0.133333333333333
43541.3,0.0666666666666666
46426.4,0.0333333333333333
46708.8,-0.0333333333333333
49839.8,0.133333333333333
49704.6,0.0666666666666666
49384.2,0.0333333333333333
56695.7,-0.133333333333333
55848.9,0.0333333333333333
58238.3,0.2
58840.1,-0.0666666666666666
57337.2,-0.0333333333333333
56405.4,0.0333333333333333
57441.3,-0.0333333333333333
53741.5,0.0333333333333333
57169.8,-0.1
56603.8,0.1
57807.1,-0.0333333333333333
57720.3,0.166666666666666
53560.8,0.0
54841.4,-0.0333333333333333
55036.5,-0.0666666666666666
54020.5,0.0
48963.6,0.0666666666666666
50088.9,0.1
51143.6,0.0
51729.5,0.0333333333333333
53820.2,-0.0333333333333333
56483.2,-0.0666666666666666
55646.1,0.0
56207.1,0.0
60041.9,0.0
61379.7,0.1
63216.0,0.0666666666666666
62980.4,0.0666666666666666
63540.9,0.0
59863.8,-0.0666666666666666
59978.7,0.0666666666666666
59748.4,-0.133333333333333
58118.7,-0.0333333333333333
58077.4,-0.0666666666666666
55948.7,-0.0344827586206896
57996.3,-0.133333333333333
58993.4,0.0666666666666666
58199.9,0.0333333333333333
57059.9,0.0
58977.3,0.0333333333333333
58718.3,0.166666666666666
58763.7,0.133333333333333
58771.3,-0.0333333333333333
57616.2,0.0666666666666666
55765.2,0.0
55862.9,-0.0333333333333333
55036.1,-0.1
51322.3,0.0666666666666666
52325.4,0.1
54452.5,0.0666666666666666
54158.3,0.0
57383.8,0.0
58093.4,0.0666666666666666
58088.0,-0.1
57656.0,0.0
58913.5,0.0666666666666666
56889.7,0.1
55791.3,0.0333333333333333
59113.7,-0.0666666666666666
61195.3,-0.0333333333333333
57265.1,0.133333333333333
57799.5,0.1
55851.9,0.0666666666666666
54879.0,0.0666666666666666
52311.0,0.0333333333333333
50982.3,0.0
48855.6,0.0
48792.5,0.0666666666666666
48428.0,-0.0333333333333333
50395.1,-0.1
48424.2,0.0333333333333333
49595.5,0.0333333333333333
45164.0,0.1
46136.7,-0.0333333333333333
46345.6,0.0666666666666666
46928.5,0.0
49697.5,0.0
48911.2,0.0
54111.8,-0.0333333333333333
57433.8,0.166666666666666
55923.7,-0.0333333333333333
55906.6,0.0666666666666666
51582.2,-0.0333333333333333
52079.2,0.133333333333333
49169.7,0.0333333333333333
47936.3,0.133333333333333
48643.4,0.0333333333333333
47168.7,0.133333333333333
47371.7,-0.0666666666666666
47990.7,0.166666666666666
44836.0,0.166666666666666
46508.6,0.1
46395.7,-0.1
38852.9,-0.0333333333333333
39256.6,-0.233333333333333
38297.6,0.166666666666666
36982.1,-0.0666666666666666
37646.8,0.0666666666666666
35485.2,0.0333333333333333
33515.7,0.0333333333333333
33108.1,0.0
34301.8,0.0333333333333333
33374.8,0.0
30404.0,-0.0666666666666666
32502.1,0.0666666666666666
32252.3,-0.133333333333333
32241.3,0.0333333333333333
32088.9,0.0
33000.5,0.0
30842.1,0.1
35476.3,0.1
36002.9,0.1
36613.2,0.0333333333333333
35839.6,-0.0333333333333333
36019.5,-0.1
36845.8,0.133333333333333
39175.7,-0.0333333333333333
37382.2,0.0
34076.1,0.0666666666666666
35544.3,-0.0333333333333333
38192.2,-0.133333333333333
40151.9,0.0333333333333333
40599.3,0.1
39460.2,-0.0666666666666666
36793.2,0.166666666666666
33991.5,0.1
32022.6,-0.0666666666666666
32958.9,-0.0666666666666666
32193.3,-0.0666666666666666
29359.9,0.0333333333333333
28949.4,0.0666666666666666
28868.7,0.133333333333333
27376.0,0.0333333333333333
27057.8,0.0344827586206896
26261.3,0.2
26454.4,0.0
24689.6,-0.0666666666666666
23736.5,-0.133333333333333
23257.9,-0.1
23823.2,0.1
22728.5,-0.1
23474.9,-0.0333333333333333
23844.0,0.0
23127.9,0.0333333333333333
22825.4,0.133333333333333
21352.2,-0.0666666666666666
19434.9,-0.0333333333333333
19273.8,0.0333333333333333
19176.8,-0.0333333333333333
18808.9,0.0333333333333333
18023.6,0.0666666666666666
18247.2,-0.0333333333333333
18546.0,0.0
18326.6,0.0
19170.7,0.0666666666666666
19379.9,0.0
19146.5,0.0666666666666666
18658.1,-0.0666666666666666
19433.3,0.0333333333333333
19218.8,0.0666666666666666
18770.7,0.0333333333333333
19698.1,0.0333333333333333
18185.5,0.0333333333333333
17730.7,0.0666666666666666
17127.1,0.0333333333333333
17162.0,0.1
18723.0,-0.0333333333333333
19152.6,-0.166666666666666
18379.6,0.0666666666666666
18412.9,-0.1
18687.2,0.0333333333333333
18675.2,0.0689655172413793
17803.5,0.0333333333333333
17774.6,0.0
17662.3,0.133333333333333
16715.8,0.0
15953.0,0.0333333333333333
16071.0,0.0666666666666666
16324.2,0.0
16294.7,-0.0666666666666666
15695.8,0.1
15303.6,-0.0333333333333333
15327.2,0.0666666666666666
15483.7,0.0333333333333333
14828.4,0.0
15577.9,0.0333333333333333
15587.1,-0.0333333333333333
14145.6,0.0
14019.9,0.1
13561.4,-0.1
13759.4,0.133333333333333
13797.3,0.0333333333333333
13559.9,0.0333333333333333
13457.2,-0.0333333333333333
13278.9,-0.0666666666666666
13657.8,0.166666666666666
13061.6,0.0666666666666666
13032.2,0.0
13117.2,0.0
12934.1,0.1
12974.6,0.0666666666666666
12808.7,0.0
11913.5,-0.0666666666666666
11753.4,-0.0666666666666666
11506.9,0.0666666666666666
11362.1,-0.1
11322.0,0.2
11503.0,0.0333333333333333
11420.4,-0.0333333333333333
11423.8,0.0333333333333333
11533.9,0.0666666666666666
11371.0,0.0666666666666666
11298.4,0.1
11054.2,0.0
10924.1,0.1
10670.9,-0.0333333333333333
10602.6,0.0666666666666666
10789.5,-0.0666666666666666
10672.9,0.0333333333333333
10544.2,-0.0333333333333333
10572.3,0.0
10620.5,0.0
10776.1,0.0666666666666666
10840.9,-0.0333333333333333
10693.2,0.0333333333333333
10776.2,0.0333333333333333
10727.9,0.166666666666666
10688.8,0.0
10739.4,0.0666666666666666
10237.3,0.133333333333333
10531.5,0.0666666666666666
10416.8,0.0333333333333333
10921.5,-0.137931034482758
11081.8,0.0333333333333333
10933.0,-0.166666666666666
10941.3,0.2
10949.5,0.166666666666666
10785.3,0.0333333333333333
10675.3,0.166666666666666
10326.0,0.0
10441.9,0.0666666666666666
10390.2,0.0666666666666666
10339.7,-0.0666666666666666
10224.6,-0.0333333333333333
10126.6,0.0
10376.9,0.0
10296.4,0.0
10092.2,-0.0666666666666666
10472.5,-0.0666666666666666
10168.8,-0.0666666666666666
11413.3,0.206896551724137
11914.9,0.0
11644.2,0.133333333333333
11702.0,0.0
11468.1,0.0333333333333333
11527.4,0.0
11327.4,0.1
11462.3,0.133333333333333
11324.8,0.0
11753.5,0.0333333333333333
11641.6,0.1
11661.3,0.0666666666666666
11529.2,-0.0666666666666666
11856.9,-0.0666666666666666
11750.2,-0.0333333333333333
11947.6,0.1
12282.6,0.1
11899.0,0.0
11845.3,-0.0333333333333333
11750.8,0.166666666666666
11770.9,0.0333333333333333
11557.2,0.0666666666666666
11390.4,0.0
11889.2,0.0
11681.2,0.0333333333333333
11764.3,-0.0666666666666666
11592.0,0.0333333333333333
11757.1,0.0666666666666666
11735.1,-0.0666666666666666
11184.7,-0.0333333333333333
11224.4,0.0
11066.8,0.0
11803.1,0.1
11333.4,0.0
11096.2,-0.1
11105.9,0.0333333333333333
10908.5,0.0
11022.8,0.0
9932.5,-0.133333333333333
9704.1,0.0333333333333333
9546.4,0.0333333333333333
9599.6,-0.0333333333333333
9513.7,-0.0666666666666666
9387.3,0.1
9162.4,0.1
9208.0,0.0
9170.2,0.0
9155.8,0.0
9135.3,0.1
9198.7,0.0333333333333333
9253.4,0.0
9243.6,-0.0333333333333333
9300.8,0.0
9233.3,-0.0333333333333333
9285.1,0.0
9235.7,0.1
9429.9,-0.2
9256.0,0.0333333333333333
9339.0,0.0333333333333333
9081.0,0.0333333333333333
9134.4,0.0666666666666666
9067.1,0.0333333333333333
9085.1,-0.133333333333333
9229.9,0.166666666666666
9135.4,0.133333333333333
9185.4,0.0333333333333333
9124.0,0.0
9008.3,0.0333333333333333
9160.0,0.133333333333333
9247.5,0.0333333333333333
9302.0,0.0
9624.6,-0.0333333333333333
9683.7,0.1
9296.4,0.0333333333333333
9358.8,-0.0333333333333333
9314.0,0.0
9388.1,0.1
9464.6,-0.172413793103448
9523.5,-0.0666666666666666
9425.4,-0.0666666666666666
9345.3,0.133333333333333
9471.3,0.1
9466.6,-0.0333333333333333
9283.2,0.0333333333333333
9878.8,-0.133333333333333
9768.8,-0.133333333333333
9777.9,-0.0666666666666666
9742.6,-0.0333333333333333
9669.6,0.1
9631.2,0.0333333333333333
9794.4,0.0666666666666666
9667.2,0.0333333333333333
9527.6,-0.0333333333333333
10189.3,0.0
9454.8,-0.1
9692.5,-0.0666666666666666
9424.8,-0.0333333333333333
9572.2,-0.0666666666666666
9199.1,0.2
8842.5,0.0
8898.2,0.0
8728.2,-0.1
9177.0,0.0
9169.7,0.0333333333333333
9059.0,-0.0333333333333333
9512.3,-0.0666666666666666
9773.3,0.0333333333333333
9730.7,0.0666666666666666
9677.7,0.133333333333333
9379.5,-0.1
9318.0,0.1
9778.4,0.0666666666666666
9298.7,-0.0333333333333333
8813.8,0.0666666666666666
8579.8,0.0
8738.8,-0.0333333333333333
9554.6,-0.0333333333333333
9806.2,-0.2
9979.8,0.0
9151.4,-0.0333333333333333
9001.0,-0.0666666666666666
8874.7,0.133333333333333
8885.5,0.133333333333333
8966.3,0.0666666666666666
8821.6,0.133333333333333
8629.0,0.133333333333333
8770.9,0.0666666666666666
7746.9,0.0
7766.0,-0.0666666666666666
7678.9,-0.0666666666666666
7540.4,-0.166666666666666
7503.8,0.133333333333333
7488.5,-0.0666666666666666
7112.9,0.0333333333333333
6842.5,-0.0666666666666666
6833.5,0.1
7122.9,0.0666666666666666
7230.8,0.0333333333333333
7035.8,0.1
7085.6,0.0666666666666666
6629.1,0.0
6850.9,0.0
6841.3,0.0666666666666666
6917.6,0.0333333333333333
6867.8,-0.0666666666666666
6863.1,0.0344827586206896
7289.0,-0.0333333333333333
7361.2,0.1
7185.2,0.0
7332.3,0.1
6772.7,0.166666666666666
6857.4,0.0666666666666666
6735.9,0.133333333333333
6800.5,0.0333333333333333
6638.5,0.0666666666666666
6412.5,0.0333333333333333
6391.0,0.0
5890.4,0.0333333333333333
6233.7,0.133333333333333
6373.4,0.0
6725.1,0.0333333333333333
6678.9,-0.1
6744.6,0.1
6468.9,-0.0333333333333333
5822.1,-0.0666666666666666
6186.2,-0.0333333333333333
6205.3,-0.0333333333333333
6172.0,0.0666666666666666
5361.4,0.0666666666666666
5261.1,0.0333333333333333
5030.0,-0.1
5366.3,0.1
5182.7,-0.0666666666666666
5584.3,0.0
4826.0,0.0
7935.1,0.1
7891.2,-0.0333333333333333
7933.0,-0.0333333333333333
8034.1,0.0344827586206896
8887.8,0.1
9134.8,-0.0333333333333333
9060.3,-0.0333333333333333
8757.9,0.0333333333333333
8761.4,-0.0666666666666666
8904.8,0.0666666666666666
8540.0,0.0666666666666666
8543.7,0.0689655172413793
8697.5,-0.0666666666666666
8818.6,-0.0333333333333333
8800.3,0.0666666666666666
9317.2,0.0
9662.7,-0.1
9942.7,-0.1
9655.7,-0.0666666666666666
9684.5,-0.0333333333333333
9602.4,0.3
9609.4,0.0333333333333333
10158.4,-0.0333333333333333
9701.4,0.2
9932.3,0.0666666666666666
9907.7,0.0
10333.0,0.0333333333333333
10235.1,-0.0333333333333333
10317.7,0.0
10229.5,-0.0333333333333333
9854.1,0.1
10151.5,0.0
9895.5,0.133333333333333
9818.6,-0.0666666666666666
9772.0,0.0333333333333333
9611.8,0.0666666666666666
9193.9,0.1
9296.6,0.0333333333333333
9334.9,0.0333333333333333
9381.6,0.0333333333333333
9507.3,0.2
9298.9,0.2
9377.3,-0.0333333333333333
8866.6,0.166666666666666
8607.8,0.133333333333333
8341.6,0.0
8439.9,0.0333333333333333
8405.1,0.133333333333333
8678.5,0.0
8732.6,-0.0666666666666666
8641.9,0.233333333333333
8706.2,0.0666666666666666
8916.3,0.0333333333333333
8913.1,-0.1
8726.9,0.1
8818.3,0.0333333333333333
8829.2,0.0
8111.4,0.0
8187.6,0.133333333333333
8024.1,-0.333333333333333
8187.1,0.133333333333333
7842.4,0.0333333333333333
8059.6,0.0333333333333333
8155.7,0.133333333333333
7759.1,0.0
7372.5,-0.0666666666666666
7376.8,0.233333333333333
7343.1,0.0666666666666666
6967.0,0.1
7199.8,0.1
7196.4,0.0333333333333333
7261.8,0.0333333333333333
7397.5,0.0666666666666666
7321.5,0.1
7261.7,0.0
7210.9,0.233333333333333
7224.8,0.2
7268.3,0.133333333333333
7322.8,-0.0333333333333333
7495.8,0.1
7156.2,0.0333333333333333
7196.4,0.166666666666666
7165.5,0.1
7276.0,-0.133333333333333
6613.3,0.0666666666666666
6903.5,0.1
7128.5,-0.133333333333333
7080.8,-0.1
7255.2,0.0333333333333333
7208.0,0.1
7208.0,0.1
7235.7,0.0666666666666666
7355.8,-0.0666666666666666
7524.4,-0.0666666666666666
7510.9,0.0666666666666666
7530.8,-0.0333333333333333
7399.2,-0.0666666666666666
7204.4,-0.0333333333333333
7291.8,-0.0666666666666666
7298.2,-0.1
7396.4,0.0333333333333333
7546.6,0.0
7742.7,0.0333333333333333
7426.7,0.133333333333333
7510.6,0.1
7162.8,0.1
7115.6,0.0666666666666666
6924.7,0.0333333333333333
7324.1,-0.166666666666666
7272.5,-0.2
7627.9,0.0666666666666666
8099.3,0.2
8145.7,0.0333333333333333
8208.4,-0.0333333333333333
8509.8,0.133333333333333
8497.3,0.0333333333333333
8476.3,0.0
8661.2,-0.166666666666666
8783.1,-0.0666666666666666
8812.6,-0.2
8736.9,0.0
9036.8,-0.0333333333333333
8804.5,0.0666666666666666
8778.2,0.0666666666666666
9223.5,0.0666666666666666
9338.9,-0.0333333333333333
9310.8,0.0333333333333333
9396.4,0.2
9198.3,0.166666666666666
9300.6,-0.0666666666666666
9230.1,0.0
9152.6,-0.133333333333333
9157.9,-0.1
9411.3,0.133333333333333
9207.2,-0.0666666666666666
9529.6,-0.0666666666666666
9230.6,0.0
8658.3,0.0666666666666666
7422.7,0.0
7477.0,-0.0333333333333333
8031.4,0.1
8208.2,-0.2
8223.4,0.1
7957.3,0.1
7948.5,0.0666666666666666
8073.3,-0.0333333333333333
8000.4,-0.0333333333333333
8167.2,0.0333333333333333
8353.3,0.266666666666666
8281.5,0.0333333333333333
8304.4,0.0333333333333333
8267.8,-0.0333333333333333
8562.3,-0.0666666666666666
8566.7,0.0666666666666666
8182.9,0.0
8198.6,0.1
7881.9,0.0333333333333333
8127.3,-0.0666666666666666
8148.1,0.0
8226.9,-0.0666666666666666
8364.1,0.2
8302.7,0.166666666666666
8284.3,-0.0333333333333333
8049.1,0.0333333333333333
8208.5,0.0666666666666666
8184.9,0.166666666666666
8063.8,-0.0333333333333333
8432.4,0.1
8513.9,0.0333333333333333
9702.2,0.0666666666666666
10031.6,0.0333333333333333
9993.0,0.166666666666666
10172.7,0.0
10250.5,0.2
10164.7,0.0333333333333333
10195.7,-0.0666666666666666
10255.5,-0.0333333333333333
10311.5,0.0333333333333333
10337.3,0.1
10342.1,0.1
10415.1,0.0
10162.5,-0.1
10105.4,0.3
10309.0,0.0666666666666666
10402.8,0.0666666666666666
10461.1,-0.0333333333333333
10309.3,0.0333333333333333
10566.9,-0.0333333333333333
10568.2,0.133333333333333
10612.3,0.0333333333333333
10348.8,0.1
9729.3,0.032258064516129
9594.4,0.0666666666666666
9585.4,0.1
9491.0,-0.0666666666666666
9729.4,0.133333333333333
10184.8,-0.1
10371.8,0.0666666666666666
10136.3,0.0
10131.0,0.0666666666666666
10388.7,0.133333333333333
10105.0,-0.03125
10141.5,0.0
10752.6,0.0
10910.7,0.0
10312.7,0.1
10218.1,-0.166666666666666
10335.6,-0.0666666666666666
10303.4,-0.1
10049.4,-0.0666666666666666
10892.9,-0.0333333333333333
11394.2,0.0666666666666666
11517.2,0.0666666666666666
11314.5,-0.0333333333333333
12089.8,0.166666666666666
12191.6,0.166666666666666
12013.9,0.0333333333333333
11480.9,0.0333333333333333
11816.8,0.0666666666666666
10934.6,-0.0666666666666666
10815.7,0.166666666666666
10520.1,0.0666666666666666
10380.0,0.0
10082.0,0.0666666666666666
9580.7,0.0
9580.9,0.0333333333333333
9727.8,0.1
9492.1,-0.1
9831.0,0.0
9945.3,-0.0666666666666666
9804.3,0.1
9888.7,-0.133333333333333
10412.5,-0.133333333333333
10714.4,-0.1
10826.7,0.0333333333333333
10571.5,0.133333333333333
10651.4,0.0
9723.2,-0.181818181818181
9424.8,0.0333333333333333
10845.9,-0.1
10200.1,-0.2
11364.9,0.0
11762.1,0.0285714285714285
11342.3,0.0625
12110.6,0.064516129032258
12541.5,-0.0333333333333333
12252.6,0.1
11415.9,0.032258064516129
11268.0,0.233333333333333
10970.2,0.166666666666666
11163.1,-0.0333333333333333
11900.8,0.133333333333333
10835.9,0.0666666666666666
10616.6,-0.0666666666666666
10818.6,-0.0333333333333333
11906.5,0.1
12409.1,0.166666666666666
11287.8,0.133333333333333
13063.8,0.0666666666666666
11809.9,-0.129032258064516
11046.4,-0.0666666666666666
10897.1,-0.0666666666666666
10721.7,0.1
10179.3,0.0333333333333333
9517.0,-0.1
9255.4,0.0
9080.6,0.0
9318.8,0.0333333333333333
8962.5,0.0
8812.5,0.0333333333333333
8656.1,0.0666666666666666
8219.0,0.0666666666666666
8133.1,0.1
7888.0,0.0333333333333333
7987.8,-0.2
7635.0,-0.0666666666666666
7901.4,0.133333333333333
7985.2,-0.0333333333333333
7784.9,0.133333333333333
7779.1,0.0333333333333333
7685.5,0.1
8124.8,-0.0333333333333333
8728.6,0.233333333333333
8545.7,0.0333333333333333
8558.3,0.0666666666666666
8271.9,-0.1
8647.8,0.0333333333333333
8716.3,-0.0666666666666666
8760.1,-0.0333333333333333
8630.2,-0.233333333333333
8027.4,0.0
7970.1,0.0333333333333333
7852.1,0.1
7635.7,-0.0333333333333333
7930.3,0.166666666666666
7965.3,-0.0333333333333333
8157.2,0.0
7262.6,-0.0666666666666666
7359.5,0.1
7871.8,-0.161290322580645
8164.6,0.0333333333333333
7994.6,-0.0333333333333333
7806.0,0.0
6984.8,-0.0333333333333333
7190.3,0.166666666666666
6191.5,0.0333333333333333
5990.3,-0.1
5849.5,0.0333333333333333
5745.1,0.166666666666666
5774.9,0.133333333333333
5830.9,0.0333333333333333
5766.8,-0.1
5493.8,-0.0333333333333333
5384.2,0.133333333333333
5320.8,-0.0333333333333333
5235.0,0.166666666666666
5302.3,-0.233333333333333
5265.9,0.0333333333333333
5298.3,0.0333333333333333
5209.1,0.133333333333333
5415.6,0.0333333333333333
5511.6,0.1
5346.7,0.0
5243.5,0.133333333333333
5290.2,0.2
5241.0,-0.0666666666666666
5264.7,0.0333333333333333
5208.3,0.0
5180.9,0.0333333333333333
5032.3,0.2
5134.8,0.103448275862068
5051.8,0.133333333333333
5054.2,-0.0666666666666666
5022.6,-0.0333333333333333
5307.8,-0.0333333333333333
5158.4,0.0666666666666666
5245.2,0.0666666666666666
5173.6,0.1
5046.2,0.0333333333333333
5010.2,0.0
4902.4,-0.0333333333333333
4968.7,0.1
4859.3,0.0666666666666666
4145.1,0.0666666666666666
4102.3,0.0
4111.8,0.133333333333333
4102.2,0.0333333333333333
4025.6,0.133333333333333
4041.7,-0.1
3937.0,0.0
3994.7,0.1
4002.5,0.233333333333333
3990.4,-0.0333333333333333
3982.2,-0.0333333333333333
4041.2,0.166666666666666
4017.0,-0.1
3990.2,0.2
3981.5,0.0
4006.4,0.1
3924.3,0.0666666666666666
3879.0,0.0666666666666666
3865.1,0.2
3886.0,0.0666666666666666
3870.3,-0.0333333333333333
3915.2,0.0333333333333333
3944.3,-0.0967741935483871
3865.9,0.0333333333333333
3875.1,0.1
3863.0,0.2
3857.2,0.0333333333333333
3715.9,0.0333333333333333
3809.5,0.125
3823.1,0.0333333333333333
3821.9,0.1
3816.6,0.133333333333333
3814.6,0.2
3810.3,-0.0333333333333333
3833.7,0.0666666666666666
3755.2,0.133333333333333
4120.4,0.0666666666666666
3965.2,-0.0333333333333333
3936.6,0.133333333333333
3972.4,0.0666666666666666
3914.3,-0.133333333333333
3896.0,0.166666666666666
3664.2,-0.0333333333333333
3616.8,0.1
3604.7,-0.1
3592.6,-0.0333333333333333
3611.5,0.133333333333333
3632.0,0.133333333333333
3631.8,0.1
3679.0,0.15625
3661.4,-0.0909090909090909
3661.7,0.233333333333333
3397.7,0.0
3404.3,-0.1
3468.4,0.0689655172413793
3462.8,-0.0333333333333333
3459.1,0.0
3502.5,0.0666666666666666
3467.9,0.1
3437.2,-0.133333333333333
3460.0,0.1
3414.8,-0.0666666666666666
3442.8,-0.0333333333333333
3555.6,0.1
3570.9,-0.0666666666666666
3572.0,-0.0333333333333333
3574.3,0.0333333333333333
3561.5,0.133333333333333
3580.1,0.133333333333333
3536.7,-0.0333333333333333
3542.3,0.0
3677.8,-0.1
3605.6,-0.133333333333333
3626.4,-0.133333333333333
3588.0,0.166666666666666
3571.3,-0.0333333333333333
3638.1,0.0333333333333333
3490.2,0.0333333333333333
3597.2,-0.0666666666666666
3616.5,0.0
3603.7,-0.0666666666666666
3978.0,0.166666666666666
3971.0,0.0
3985.9,-0.0333333333333333
4004.1,-0.0689655172413793
3780.1,0.2
3873.8,0.133333333333333
3809.4,-0.2
3709.4,0.0
3815.0,-0.0666666666666666
3706.8,0.1
3861.6,0.1
3586.9,0.133333333333333
3793.7,-0.1
3964.4,0.0
3850.9,0.1
4076.0,0.0333333333333333
3687.1,-0.0333333333333333
3668.0,0.0
3526.1,0.0666666666666666
3247.9,0.1
3228.7,-0.0666666666666666
3247.8,0.0333333333333333
3315.3,0.0666666666666666
3466.1,0.133333333333333
3407.7,0.166666666666666
3460.5,0.166666666666666
3567.5,0.0714285714285714
3430.4,-0.0333333333333333
3422.2,0.0333333333333333
3508.6,0.233333333333333
3771.6,-0.0333333333333333
3958.5,-0.0333333333333333
3897.8,0.0
4296.5,0.166666666666666
4265.4,-0.0333333333333333
3866.5,0.0
4062.2,0.107142857142857
3920.4,0.153846153846153
4398.0,0.1
4356.0,-0.1
4638.7,-0.0333333333333333
4524.6,0.2
4883.8,0.0666666666666666
5658.3,-0.0476190476190476
5621.8,0.0
5636.2,-0.0666666666666666
5718.9,-0.0333333333333333
5842.4,0.0
6478.2,0.0
6386.2,-0.0333333333333333
6424.7,0.0666666666666666
6400.5,0.2
6365.9,0.0333333333333333
6325.7,-0.0333333333333333
6335.0,-0.1
6486.1,0.0434782608695652
6494.2,-0.0344827586206896
6510.0,0.0666666666666666
6507.0,0.0
6530.7,-0.0333333333333333
6528.7,0.0
6555.8,-0.0333333333333333
6574.1,0.166666666666666
6686.6,0.0666666666666666
6705.3,0.0333333333333333
6699.8,0.166666666666666
6326.8,0.166666666666666
6321.7,0.2
6291.3,-0.0333333333333333
6239.1,0.0666666666666666
6618.0,0.1
6650.8,0.0333333333333333
6669.6,-0.1
6611.0,0.0666666666666666
6596.3,0.0666666666666666
6639.1,0.1
6584.2,0.1
6507.8,0.1
6549.9,0.0666666666666666
6608.2,0.133333333333333
6635.2,0.1
6603.9,-0.0666666666666666
6636.0,-0.0666666666666666
6689.2,-0.0666666666666666
6468.1,0.0333333333333333
6445.1,0.0666666666666666
6584.1,-0.1
6704.1,0.0666666666666666
6729.6,0.1
6766.7,-0.0333333333333333
6489.2,-0.1
6390.4,0.0
6342.0,0.2
6251.9,-0.266666666666666
6500.2,0.0666666666666666
6519.0,0.0333333333333333
6483.7,0.0333333333333333
6482.9,0.0
6338.0,0.0666666666666666
6293.9,0.0
6321.0,0.0333333333333333
6238.5,0.0
6184.3,0.0333333333333333
6390.9,0.0
6514.0,0.133333333333333
6706.8,-0.0666666666666666
7377.5,-0.166666666666666
7264.2,-0.0333333333333333
7293.9,0.0
7189.6,0.133333333333333
7033.8,0.233333333333333
6993.7,0.0666666666666666
7029.1,-0.0333333333333333
7074.6,0.0
6897.6,0.2
6712.7,0.0666666666666666
6734.8,-0.0333333333333333
6680.4,-0.1
6521.2,-0.0333333333333333
6359.6,0.0
6482.2,-0.0666666666666666
6268.1,0.0666666666666666
6481.5,-0.1
6379.1,0.0666666666666666
6581.7,0.0
6306.7,0.0
6256.9,0.0
6190.2,-0.0333333333333333
6255.3,0.133333333333333
6313.0,0.1
6231.6,0.0333333333333333
6152.3,0.0689655172413793
6538.8,0.0689655172413793
6283.6,0.1
6724.9,0.0666666666666666
6943.6,0.133333333333333
7027.1,0.133333333333333
7014.3,0.0666666666666666
7419.0,-0.0333333333333333
7535.6,0.0666666666666666
7606.4,-0.0333333333333333
7729.4,-0.1
8177.1,0.1
8215.6,-0.0333333333333333
8234.1,0.2
8187.4,0.0
7937.0,0.133333333333333
8173.7,-0.103448275862068
8407.0,0.0333333333333333
7723.0,0.0
7412.3,0.0333333333333333
7408.7,-0.0333333333333333
7339.4,-0.133333333333333
7477.5,-0.0666666666666666
7383.6,-0.0333333333333333
7322.0,0.0
6729.9,-0.0333333333333333
6362.9,0.0
6254.8,0.133333333333333
6230.2,0.0666666666666666
6250.6,0.0333333333333333
6389.1,0.0
6307.2,0.1
6667.1,0.0
6714.8,0.1
6765.5,0.0
6617.7,0.0
6546.5,0.0333333333333333
6598.4,0.1
6513.5,0.1
6619.5,0.1
6366.8,0.0333333333333333
6398.9,0.0333333333333333
6213.3,0.0
5883.5,0.0
6154.9,-0.1
6082.1,0.0333333333333333
6256.6,-0.1
6154.6,-0.1
6167.3,0.1
6055.7,-0.0333333333333333
6728.0,0.0
6765.4,0.0333333333333333
6752.4,0.0333333333333333
6719.8,-0.0333333333333333
6460.3,0.0
6505.8,-0.0666666666666666
6410.3,-0.0666666666666666
6647.1,0.0666666666666666
6312.3,0.0666666666666666
6558.2,0.0333333333333333
6885.9,0.0
6775.1,0.0333333333333333
7515.8,0.0
7622.1,0.0
7697.8,-0.0333333333333333
7661.0,0.1
7631.5,0.0666666666666666
7504.3,0.0
7729.3,-0.0666666666666666
7646.6,0.0
7530.8,0.0666666666666666
7502.6,0.0666666666666666
7400.1,0.0333333333333333
7467.7,0.1
7119.3,-0.103448275862068
7366.7,0.2
7361.3,0.0
7477.7,0.2
7592.9,0.0333333333333333
7512.3,0.0
8006.0,0.0666666666666666
8403.3,0.0
8529.0,0.0666666666666666
8245.1,0.0666666666666666
8245.7,0.1
8063.0,-0.0333333333333333
8344.4,-0.1
8477.0,-0.166666666666666
8674.1,0.0333333333333333
8693.5,0.0333333333333333
8459.5,-0.0666666666666666
8408.3,-0.233333333333333
9025.7,-0.0666666666666666
9319.1,-0.1
9196.4,0.2
9431.6,-0.1
9656.4,0.1
9853.5,0.0666666666666666
9708.6,0.0333333333333333
9749.7,0.1
9243.2,0.0666666666666666
9074.9,0.0666666666666666
9245.1,0.1
9415.1,0.166666666666666
9352.4,-0.0666666666666666
8940.9,0.133333333333333
9287.0,0.166666666666666
8873.1,-0.0666666666666666
9645.3,-0.0666666666666666
8952.8,0.0333333333333333
8806.7,-0.1
8923.1,0.0
8867.0,0.133333333333333
8290.8,0.0
8178.4,0.0666666666666666
7908.6,0.133333333333333
8070.0,0.1
8363.6,0.133333333333333
8004.4,0.0333333333333333
7887.4,-0.0333333333333333
7926.6,0.0333333333333333
6962.1,0.0333333333333333
6854.8,-0.0666666666666666
6781.9,-0.0333333333333333
7030.5,0.0
6905.7,0.0333333333333333
6624.3,0.0333333333333333
6782.0,-0.0333333333333333
6808.9,-0.0666666666666666
7424.2,-0.0666666666666666
7068.4,0.0
6825.2,-0.0666666666666666
