,Date,Price,Open,High,Low,Vol.,Change %
0,31-Oct-21,61309.6,"61,842.20","62,393.70","60,005.70",50.06K,-0.86%
1,30-Oct-21,61840.1,"62,245.00","62,338.50","60,786.00",40.51K,-0.65%
2,29-Oct-21,62242.8,"60,579.90","62,952.20","60,322.20",63.39K,2.74%
3,28-Oct-21,60582.5,"58,437.20","62,251.30","58,128.10",88.47K,3.67%
4,27-Oct-21,58438.1,"60,312.50","61,452.90","58,112.60",88.11K,-3.11%
5,26-Oct-21,60310.8,"63,067.50","63,275.10","59,907.30",57.13K,-4.37%
6,25-Oct-21,63067,"60,864.30","63,694.80","60,655.80",51.06K,3.62%
7,24-Oct-21,60866.5,"61,308.20","61,469.90","59,523.70",42.67K,-0.73%
8,23-Oct-21,61312.5,"60,693.20","61,728.70","59,738.30",37.05K,1.03%
9,22-Oct-21,60690.3,"62,200.80","63,699.70","60,055.70",75.69K,-2.44%
10,21-Oct-21,62210.2,"66,004.60","66,616.90","62,092.10",105.38K,-5.71%
11,20-Oct-21,65979.1,"64,276.90","66,967.10","63,543.70",79.87K,2.65%
12,19-Oct-21,64278.5,"62,030.20","64,454.00","61,451.00",80.16K,3.58%
13,18-Oct-21,62056.3,"61,525.80","62,623.60","60,026.90",80.15K,0.86%
14,17-Oct-21,61527.5,"60,865.50","61,651.40","59,143.40",53.39K,1.09%
15,16-Oct-21,60861.1,"61,669.20","62,329.20","60,161.90",49.93K,-1.32%
16,15-Oct-21,61672.5,"57,348.20","62,892.80","56,874.80",121.48K,7.54%
17,14-Oct-21,57345.8,"57,370.40","58,506.50","56,866.80",59.84K,-0.06%
18,13-Oct-21,57380.1,"56,014.50","57,697.40","54,314.40",73.62K,2.44%
19,12-Oct-21,56015.9,"57,480.60","57,635.70","54,155.40",74.85K,-2.54%
20,11-Oct-21,57477.3,"54,686.90","57,814.10","54,457.80",73.84K,5.10%
21,10-Oct-21,54687.7,"54,942.50","56,432.20","54,100.80",104.43K,-0.46%
22,9-Oct-21,54942.5,"53,924.10","55,430.80","53,711.70",64.65K,1.91%
23,8-Oct-21,53914.7,"53,785.50","55,977.90","53,659.30",64.05K,0.24%
24,7-Oct-21,53783.9,"55,325.20","55,325.60","53,476.40",75.68K,-2.78%
25,6-Oct-21,55323.2,"51,470.00","55,676.10","50,439.50",116.26K,7.49%
26,5-Oct-21,51469.3,"49,229.50","51,872.40","49,060.10",76.63K,4.55%
27,4-Oct-21,49227.3,"48,200.40","49,481.70","46,958.60",66.92K,2.13%
28,3-Oct-21,48200.1,"47,665.40","49,165.20","47,123.00",42.41K,1.12%
29,2-Oct-21,47666.9,"48,147.20","48,306.90","47,451.70",39.82K,-1.00%
30,1-Oct-21,48146,"43,824.40","48,435.20","43,292.90",94.66K,9.86%
31,30-Sep-21,43823.3,"41,534.50","44,101.20","41,416.70",64.32K,5.50%
32,29-Sep-21,41536.8,"41,023.10","42,571.20","40,815.00",48.21K,1.25%
33,28-Sep-21,41022.3,"42,169.90","42,758.80","40,906.40",60.01K,-2.73%
34,27-Sep-21,42172.6,"43,200.90","44,293.20","42,143.90",54.12K,-2.39%
35,26-Sep-21,43203.4,"42,685.80","43,907.30","40,786.60",69.91K,1.21%
36,25-Sep-21,42686.8,"42,818.70","42,959.30","41,714.50",46.35K,-0.31%
37,24-Sep-21,42819.9,"44,867.40","45,112.00","40,908.50",128.88K,-4.57%
38,23-Sep-21,44869.2,"43,550.70","44,949.80","43,090.10",74.54K,3.03%
39,22-Sep-21,43551.6,"40,660.80","43,976.70","40,585.70",93.98K,7.13%
40,21-Sep-21,40651.3,"43,012.30","43,619.30","39,646.80",142.55K,-5.18%
41,20-Sep-21,42870.6,"47,240.80","47,323.90","42,547.10",77.96K,-9.25%
42,19-Sep-21,47238.7,"48,299.90","48,341.90","46,866.60",41.98K,-2.21%
43,18-Sep-21,48306.7,"47,283.90","48,761.00","47,070.50",43.64K,2.17%
44,17-Sep-21,47282.8,"47,748.20","48,155.90","46,788.80",50.16K,-0.97%
45,16-Sep-21,47748,"48,132.30","48,480.60","47,040.30",60.91K,-0.80%
46,15-Sep-21,48130.6,"47,070.80","48,436.50","46,743.90",63.40K,2.24%
47,14-Sep-21,47077.5,"44,950.20","47,247.60","44,718.70",65.33K,4.73%
48,13-Sep-21,44949.5,"46,060.80","46,807.70","43,463.20",96.15K,-2.42%
49,12-Sep-21,46062.3,"45,162.60","46,386.40","44,755.20",44.52K,1.99%
50,11-Sep-21,45161.9,"44,844.90","45,975.60","44,766.60",41.58K,0.71%
51,10-Sep-21,44842.8,"46,385.90","47,021.60","44,283.60",75.62K,-3.33%
52,9-Sep-21,46385.6,"46,057.60","47,305.70","45,609.00",73.63K,0.70%
53,8-Sep-21,46061.4,"46,774.10","47,316.90","44,493.70",100.48K,-1.54%
54,7-Sep-21,46779.6,"52,674.20","52,885.30","43,072.40",187.56K,-11.19%
55,6-Sep-21,52672.1,"51,769.40","52,726.20","51,002.80",69.46K,1.75%
56,5-Sep-21,51768.6,"49,918.70","51,878.20","49,492.40",57.30K,3.71%
57,4-Sep-21,49918.4,"49,999.30","50,534.60","49,461.40",48.14K,-0.16%
58,3-Sep-21,49999,"49,269.50","51,008.80","48,377.30",88.08K,1.47%
59,2-Sep-21,49274.3,"48,817.80","50,355.30","48,612.90",80.21K,0.93%
60,1-Sep-21,48819.4,"47,129.20","49,121.00","46,533.10",74.38K,3.58%
61,31-Aug-21,47130.4,"46,989.10","48,217.00","46,709.30",71.48K,0.29%
62,30-Aug-21,46992.7,"48,777.10","48,886.00","46,876.90",61.68K,-3.66%
63,29-Aug-21,48777.4,"48,899.70","49,621.70","47,870.10",47.62K,-0.24%
64,28-Aug-21,48897.1,"49,062.80","49,289.40","48,428.50",36.73K,-0.34%
65,27-Aug-21,49064.3,"46,830.20","49,142.00","46,371.50",62.47K,4.77%
66,26-Aug-21,46831.6,"48,994.40","49,347.80","46,360.40",73.79K,-4.41%
67,25-Aug-21,48994.5,"47,707.40","49,230.20","47,163.30",63.54K,2.68%
68,24-Aug-21,47714.7,"49,532.50","49,847.40","47,623.60",74.26K,-3.68%
69,23-Aug-21,49539.7,"49,255.40","50,498.80","49,038.60",75.37K,0.58%
70,22-Aug-21,49254.5,"48,870.40","49,480.30","48,151.00",49.32K,0.77%
71,21-Aug-21,48875.8,"49,330.00","49,719.10","48,293.50",18.20K,-0.91%
72,20-Aug-21,49324,"46,756.70","49,343.30","46,646.80",83.19K,5.49%
73,19-Aug-21,46755.9,"44,725.90","47,012.30","43,986.70",77.92K,4.54%
74,18-Aug-21,44723.8,"44,691.10","46,004.90","44,230.00",22.36K,0.07%
75,17-Aug-21,44691.6,"45,907.50","47,140.60","44,441.30",84.14K,-2.84%
76,16-Aug-21,45996.3,"46,991.60","48,002.40","45,672.10",2.41K,-2.12%
77,15-Aug-21,46991.3,"47,082.60","47,344.10","45,564.10",58.11K,-0.19%
78,14-Aug-21,47081.5,"47,809.60","48,090.90","46,117.20",64.29K,-1.52%
79,13-Aug-21,47809.1,"44,404.00","47,836.00","44,242.40",75.27K,7.67%
80,12-Aug-21,44403.4,"45,562.30","46,213.80","43,814.70",81.07K,-2.55%
81,11-Aug-21,45564.3,"45,593.20","46,736.50","45,367.90",75.43K,-0.06%
82,10-Aug-21,45593.8,"46,281.80","46,663.40","44,681.20",80.55K,-1.49%
83,9-Aug-21,46284.3,"43,794.90","46,460.70","42,824.10",117.08K,5.69%
84,8-Aug-21,43792.8,"44,584.90","45,284.10","43,314.40",105.25K,-1.84%
85,7-Aug-21,44614.2,"42,784.70","44,697.30","42,611.00",112.84K,4.25%
86,6-Aug-21,42795.4,"40,868.40","43,253.40","39,905.40",111.93K,4.72%
87,5-Aug-21,40867.2,"39,734.40","41,366.30","37,365.40",130.60K,2.84%
88,4-Aug-21,39736.9,"38,188.40","39,956.50","37,556.00",79.22K,4.21%
89,3-Aug-21,38130.3,"39,167.40","39,766.60","37,688.20",0.26K,-2.65%
90,2-Aug-21,39168.4,"39,869.80","40,449.00","38,692.50",74.81K,-1.78%
91,1-Aug-21,39878.3,"41,510.00","42,565.00","39,556.50",80.33K,-4.03%
92,31-Jul-21,41553.7,"42,201.40","42,285.30","41,066.40",44.65K,-1.54%
93,30-Jul-21,42203.4,"40,001.10","42,264.40","38,358.40",98.45K,5.50%
94,29-Jul-21,40001.4,"40,009.00","40,630.70","39,340.80",75.30K,0.00%
95,28-Jul-21,40003.2,"39,450.40","40,862.20","38,883.80",148.92K,1.40%
96,27-Jul-21,39452,"37,294.30","39,455.90","36,427.40",100.24K,5.84%
97,26-Jul-21,37276.6,"35,392.30","40,522.90","35,236.70",177.63K,5.33%
98,25-Jul-21,35391.1,"34,392.50","35,391.10","33,881.30",65.10K,4.63%
99,24-Jul-21,33824.8,"33,600.50","33,955.00","33,412.90",67.14K,0.66%
100,23-Jul-21,33603.3,"32,297.90","33,605.60","32,041.10",66.15K,4.04%
101,22-Jul-21,32298.9,"32,131.70","32,585.40","31,729.40",64.87K,0.52%
102,21-Jul-21,32131.4,"29,794.70","32,794.60","29,519.30",118.34K,7.85%
103,20-Jul-21,29793.8,"30,835.40","31,040.80","29,310.20",97.46K,-3.38%
104,19-Jul-21,30837.2,"31,782.90","31,887.00","30,478.20",77.48K,-2.98%
105,18-Jul-21,31785.4,"31,517.90","32,408.20","31,220.60",57.01K,0.85%
106,17-Jul-21,31518.6,"31,384.40","31,914.80","31,207.80",58.06K,0.40%
107,16-Jul-21,31394,"31,842.30","32,239.80","31,062.20",70.48K,-1.40%
108,15-Jul-21,31840.5,"32,820.50","33,157.00","31,175.80",76.95K,-2.99%
109,14-Jul-21,32820.7,"32,727.80","33,051.90","31,611.20",69.56K,0.28%
110,13-Jul-21,32728.1,"33,106.10","33,307.70","32,259.50",60.04K,-1.16%
111,12-Jul-21,33113,"34,228.30","34,598.00","32,662.80",63.24K,-3.26%
112,11-Jul-21,34227.7,"33,510.80","34,580.60","33,319.80",35.72K,2.14%
113,10-Jul-21,33510.6,"33,797.70","34,221.00","33,056.80",50.94K,-0.85%
114,9-Jul-21,33797.4,"32,866.30","34,079.20","32,367.00",67.14K,2.83%
115,8-Jul-21,32866.3,"33,859.40","33,923.20","32,146.90",108.09K,-2.96%
116,7-Jul-21,33867.8,"34,228.70","35,036.60","33,801.30",72.03K,-1.05%
117,6-Jul-21,34225.6,"33,688.50","35,062.00","33,581.70",83.63K,1.60%
118,5-Jul-21,33687.8,"35,297.00","35,300.50","33,164.10",88.36K,-4.56%
119,4-Jul-21,35298.2,"34,742.80","35,957.60","34,740.10",56.13K,1.60%
120,3-Jul-21,34742.8,"33,814.20","34,909.80","33,363.30",55.69K,2.75%
121,2-Jul-21,33813.4,"33,542.20","33,925.90","32,734.60",78.93K,0.80%
122,1-Jul-21,33543.6,"35,030.70","35,032.70","32,839.20",27.41K,-4.23%
123,30-Jun-21,35026.9,"35,832.60","36,089.50","34,126.60",107.07K,-2.25%
124,29-Jun-21,35834.7,"34,477.30","36,590.30","34,247.60",97.27K,3.94%
125,28-Jun-21,34475.9,"34,682.20","35,231.20","33,944.90",112.00K,-0.58%
126,27-Jun-21,34678.5,"32,247.10","34,685.50","32,041.70",148.80K,7.55%
127,26-Jun-21,32243.4,"31,592.10","32,643.00","30,206.90",156.67K,2.06%
128,25-Jun-21,31594,"34,660.50","35,490.90","31,337.90",193.43K,-8.86%
129,24-Jun-21,34665.8,"33,678.10","35,249.90","32,356.70",119.25K,2.94%
130,23-Jun-21,33674.3,"32,498.30","34,784.30","31,736.50",173.34K,3.62%
131,22-Jun-21,32496.4,"31,682.70","33,272.50","28,901.80",309.65K,2.54%
132,21-Jun-21,31692,"35,597.90","35,708.40","31,284.10",256.87K,-10.97%
133,20-Jun-21,35595.8,"35,510.90","36,097.90","33,378.00",137.48K,0.23%
134,19-Jun-21,35513.4,"35,770.00","36,357.30","34,845.50",105.46K,-0.66%
135,18-Jun-21,35749.4,"38,045.50","38,166.00","35,198.50",102.84K,-6.05%
136,17-Jun-21,38052,"38,337.80","39,529.90","37,425.30",109.58K,-0.74%
137,16-Jun-21,38336,"40,148.10","40,494.40","38,156.40",123.52K,-4.53%
138,15-Jun-21,40156.1,"40,522.50","41,318.00","39,589.90",117.55K,-0.92%
139,14-Jun-21,40529.4,"39,024.10","40,970.40","38,769.90",157.35K,3.86%
140,13-Jun-21,39022.9,"35,467.50","39,321.60","34,827.00",123.32K,10.02%
141,12-Jun-21,35467.5,"37,334.40","37,437.30","34,703.30",87.73K,-4.95%
142,11-Jun-21,37314.6,"36,654.30","37,641.10","36,003.30",109.15K,1.81%
143,10-Jun-21,36649.4,"37,375.20","38,340.80","35,824.00",154.32K,-1.83%
144,9-Jun-21,37332.2,"33,385.50","37,517.60","32,428.60",209.82K,11.83%
145,8-Jun-21,33382.9,"33,574.60","34,047.80","31,158.10",193.54K,-0.58%
146,7-Jun-21,33578,"35,815.40","36,754.60","33,410.10",119.50K,-6.25%
147,6-Jun-21,35815.4,"35,518.70","36,434.00","35,265.30",62.20K,0.83%
148,5-Jun-21,35520,"36,841.20","37,887.60","34,832.00",101.48K,-3.61%
149,4-Jun-21,36851.3,"39,191.40","39,255.40","35,659.90",127.71K,-5.96%
150,3-Jun-21,39187.3,"37,555.70","39,462.30","37,193.60",106.44K,4.34%
151,2-Jun-21,37555.8,"36,687.70","38,199.90","35,981.10",96.89K,2.37%
152,1-Jun-21,36687.6,"37,294.30","37,850.30","35,742.70",113.48K,-1.64%
153,31-May-21,37298.6,"35,644.00","37,480.70","34,213.20",131.70K,4.62%
154,30-May-21,35652.8,"34,589.30","36,388.60","33,441.00",104.18K,3.09%
155,29-May-21,34584.6,"35,664.50","37,227.10","33,664.20",160.43K,-3.02%
156,28-May-21,35662.5,"38,543.20","38,844.10","34,772.40",199.58K,-7.17%
157,27-May-21,38417.3,"39,249.00","40,322.20","37,190.80",122.93K,-2.12%
158,26-May-21,39249.2,"38,375.70","40,750.00","37,847.00",153.80K,2.27%
159,25-May-21,38378.3,"38,753.60","39,740.80","36,540.70",163.01K,-0.96%
160,24-May-21,38750.6,"34,720.30","39,851.70","34,474.60",244.88K,11.74%
161,23-May-21,34679.7,"37,446.80","38,248.70","31,192.40",325.73K,-7.39%
162,22-May-21,37448.3,"37,291.00","38,776.00","35,314.90",185.83K,0.40%
163,21-May-21,37297.4,"40,611.20","42,108.30","33,592.30",315.50K,-8.40%
164,20-May-21,40717.2,"36,706.80","42,425.90","35,010.40",269.75K,10.88%
165,19-May-21,36720.5,"42,898.30","43,516.60","30,261.70",607.10K,-14.40%
166,18-May-21,42897.3,"43,538.50","45,770.90","42,293.90",154.96K,-1.48%
167,17-May-21,43541.3,"46,424.20","46,545.40","42,201.50",274.76K,-6.21%
168,16-May-21,46426.4,"46,729.30","49,764.30","43,920.80",180.07K,-0.60%
169,15-May-21,46708.8,"49,839.10","50,640.90","46,650.20",131.91K,-6.28%
170,14-May-21,49839.8,"49,704.90","51,459.20","48,874.00",118.84K,0.27%
171,13-May-21,49704.6,"49,398.20","51,337.30","46,331.10",236.71K,0.65%
172,12-May-21,49384.2,"56,694.50","57,938.50","49,187.00",160.74K,-12.90%
173,11-May-21,56695.7,"55,846.10","56,871.10","54,550.40",96.47K,1.52%
174,10-May-21,55848.9,"58,251.20","59,523.90","53,678.30",142.61K,-4.10%
175,9-May-21,58238.3,"58,840.60","59,227.00","56,414.40",103.59K,-1.02%
176,8-May-21,58840.1,"57,330.30","59,471.10","56,972.20",101.27K,2.62%
177,7-May-21,57337.2,"56,411.40","58,639.30","55,300.10",110.01K,1.65%
178,6-May-21,56405.4,"57,441.00","58,364.90","55,294.50",109.02K,-1.80%
179,5-May-21,57441.3,"53,872.50","57,936.40","53,872.50",119.82K,6.88%
180,4-May-21,53741.5,"57,170.60","57,201.30","53,741.50",132.33K,-6.00%
181,3-May-21,57169.8,"56,605.80","58,925.10","56,562.40",89.24K,1.00%
182,2-May-21,56603.8,"57,807.20","57,868.40","56,110.50",53.61K,-2.08%
183,1-May-21,57807.1,"57,719.10","58,449.40","57,029.50",63.41K,0.15%
184,30-Apr-21,57720.3,"53,562.30","57,925.60","53,088.70",103.74K,7.77%
185,29-Apr-21,53560.8,"54,838.60","55,173.70","52,400.00",83.90K,-2.34%
186,28-Apr-21,54841.4,"55,036.00","56,419.90","53,876.40",86.96K,-0.35%
187,27-Apr-21,55036.5,"54,011.10","55,427.80","53,345.00",84.08K,1.88%
188,26-Apr-21,54020.5,"48,963.50","54,320.90","48,815.90",129.76K,10.33%
189,25-Apr-21,48963.6,"50,088.20","50,532.40","47,098.50",59.20K,-2.25%
190,24-Apr-21,50088.9,"51,140.80","51,183.00","48,775.20",82.25K,-2.06%
191,23-Apr-21,51143.6,"51,707.10","52,099.90","47,659.40",214.46K,-1.13%
192,22-Apr-21,51729.5,"53,821.30","55,408.40","50,590.90",168.13K,-3.88%
193,21-Apr-21,53820.2,"56,479.50","56,764.40","53,657.60",100.26K,-4.71%
194,20-Apr-21,56483.2,"55,645.10","57,054.90","53,422.50",115.49K,1.50%
195,19-Apr-21,55646.1,"56,208.10","57,517.00","54,272.30",117.51K,-1.00%
196,18-Apr-21,56207.1,"60,043.20","60,362.10","51,817.60",216.81K,-6.39%
197,17-Apr-21,60041.9,"61,358.30","62,509.10","59,672.10",84.08K,-2.18%
198,16-Apr-21,61379.7,"63,211.60","63,518.50","60,027.30",136.85K,-2.90%
199,15-Apr-21,63216,"62,978.60","63,729.10","62,067.50",76.97K,0.37%
200,14-Apr-21,62980.4,"63,544.20","64,778.00","61,366.30",130.43K,-0.88%
201,13-Apr-21,63540.9,"59,863.60","63,659.00","59,839.40",126.56K,6.14%
202,12-Apr-21,59863.8,"59,982.10","61,259.90","59,569.20",81.88K,-0.19%
203,11-Apr-21,59978.7,"59,772.40","60,667.10","59,250.30",58.20K,0.39%
204,10-Apr-21,59748.4,"58,127.40","61,229.00","57,900.00",103.72K,2.80%
205,9-Apr-21,58118.7,"58,076.80","58,890.90","57,686.00",59.22K,0.07%
206,8-Apr-21,58077.4,"55,948.00","58,136.70","55,721.60",64.78K,3.80%
207,7-Apr-21,55948.7,"57,996.30","58,627.70","55,489.30",110.69K,-3.53%
208,6-Apr-21,57996.3,"59,169.00","59,487.00","57,403.30",77.15K,-1.69%
209,5-Apr-21,58993.4,"58,202.30","59,205.10","56,842.70",54.13K,1.36%
210,4-Apr-21,58199.9,"57,059.70","58,464.80","56,470.60",57.21K,2.00%
211,3-Apr-21,57059.9,"58,976.80","59,770.50","56,906.70",68.74K,-3.25%
212,2-Apr-21,58977.3,"58,718.20","60,134.90","58,466.50",72.37K,0.44%
213,1-Apr-21,58718.3,"58,763.20","59,406.50","58,040.70",69.04K,-0.08%
214,31-Mar-21,58763.7,"58,771.40","59,795.60","56,991.60",98.06K,-0.01%
215,30-Mar-21,58771.3,"57,614.60","59,366.90","57,077.10",86.21K,2.00%
216,29-Mar-21,57616.2,"55,764.70","58,392.60","54,951.10",107.91K,3.32%
217,28-Mar-21,55765.2,"55,856.90","56,504.20","54,711.30",58.71K,-0.17%
218,27-Mar-21,55862.9,"55,033.80","56,531.10","54,010.20",73.87K,1.50%
219,26-Mar-21,55036.1,"51,317.40","55,074.10","51,302.00",100.30K,7.24%
220,25-Mar-21,51322.3,"52,330.00","53,175.40","50,441.30",143.35K,-1.92%
221,24-Mar-21,52325.4,"54,309.10","57,169.40","51,725.40",137.91K,-3.91%
222,23-Mar-21,54452.5,"54,117.50","55,813.80","52,992.30",84.84K,0.54%
223,22-Mar-21,54158.3,"57,379.30","58,379.90","53,784.20",95.53K,-5.62%
224,21-Mar-21,57383.8,"58,097.40","58,583.80","55,583.30",77.47K,-1.22%
225,20-Mar-21,58093.4,"58,084.10","59,882.10","57,863.00",67.83K,0.01%
226,19-Mar-21,58088,"57,645.00","59,448.30","56,305.10",83.98K,0.75%
227,18-Mar-21,57656,"58,911.80","60,088.00","57,099.60",102.62K,-2.13%
228,17-Mar-21,58913.5,"56,892.90","58,933.20","54,253.20",118.26K,3.56%
229,16-Mar-21,56889.7,"55,619.50","56,889.70","53,342.60",128.51K,1.97%
230,15-Mar-21,55791.3,"59,117.40","60,565.90","55,088.80",117.71K,-5.62%
231,14-Mar-21,59113.7,"61,192.70","61,673.70","59,113.70",80.29K,-3.40%
232,13-Mar-21,61195.3,"57,267.40","61,795.80","56,118.80",134.64K,6.86%
233,12-Mar-21,57265.1,"57,806.20","58,052.30","55,134.50",116.96K,-0.92%
234,11-Mar-21,57799.5,"55,851.20","58,135.00","54,351.80",129.63K,3.49%
235,10-Mar-21,55851.9,"54,882.70","57,328.70","53,073.60",140.96K,1.77%
236,9-Mar-21,54879,"52,352.40","54,880.60","51,941.30",114.06K,4.91%
237,8-Mar-21,52311,"50,988.90","52,384.90","49,338.10",68.14K,2.61%
238,7-Mar-21,50982.3,"48,899.00","51,434.10","48,890.60",82.91K,4.35%
239,6-Mar-21,48855.6,"48,798.70","49,191.80","47,132.80",66.66K,0.13%
240,5-Mar-21,48792.5,"48,363.60","49,429.40","46,370.10",113.64K,0.75%
241,4-Mar-21,48428,"50,388.00","51,757.70","47,521.80",9.56K,-3.90%
242,3-Mar-21,50395.1,"48,422.20","52,567.90","48,159.20",44.93K,4.07%
243,2-Mar-21,48424.2,"49,595.60","50,191.90","47,100.60",102.10K,-2.36%
244,1-Mar-21,49595.5,"45,160.50","49,774.00","45,008.80",137.52K,9.81%
245,28-Feb-21,45164,"46,136.00","46,582.00","43,100.60",135.08K,-2.11%
246,27-Feb-21,46136.7,"46,333.10","48,335.10","45,059.40",98.75K,-0.45%
247,26-Feb-21,46345.6,"46,928.50","48,413.90","44,248.20",189.41K,-1.24%
248,25-Feb-21,46928.5,"49,695.90","52,013.80","46,773.70",83.22K,-5.57%
249,24-Feb-21,49697.5,"48,911.10","51,311.80","47,031.70",153.75K,1.61%
250,23-Feb-21,48911.2,"54,114.10","54,115.00","45,093.80",315.07K,-9.61%
251,22-Feb-21,54111.8,"57,437.60","57,480.80","48,353.80",244.95K,-5.78%
252,21-Feb-21,57433.8,"55,907.60","58,335.10","55,502.70",87.26K,2.70%
253,20-Feb-21,55923.7,"55,922.00","57,523.80","54,124.10",127.85K,0.03%
254,19-Feb-21,55906.6,"51,590.10","56,238.50","50,816.80",139.43K,8.38%
255,18-Feb-21,51582.2,"52,094.50","52,524.00","50,941.60",94.35K,-0.95%
256,17-Feb-21,52079.2,"49,161.30","52,577.70","49,018.10",140.03K,5.92%
257,16-Feb-21,49169.7,"47,934.20","50,515.80","47,044.40",141.37K,2.57%
258,15-Feb-21,47936.3,"48,611.10","48,936.50","45,786.10",123.18K,-1.45%
259,14-Feb-21,48643.4,"47,172.10","49,695.10","47,051.90",106.50K,3.13%
260,13-Feb-21,47168.7,"47,373.10","48,097.30","46,270.50",89.42K,-0.43%
261,12-Feb-21,47371.7,"47,995.00","48,927.40","46,218.60",133.73K,-1.29%
262,11-Feb-21,47990.7,"44,834.80","48,622.10","44,041.10",145.77K,7.04%
263,10-Feb-21,44836,"46,507.80","47,295.30","43,800.50",151.83K,-3.60%
264,9-Feb-21,46508.6,"46,396.40","48,143.50","45,104.70",193.87K,0.24%
265,8-Feb-21,46395.7,"38,853.60","46,596.40","38,057.00",248.47K,19.41%
266,7-Feb-21,38852.9,"39,228.90","39,691.70","37,381.60",125.37K,-1.03%
267,6-Feb-21,39256.6,"38,300.60","40,939.70","38,275.30",156.02K,2.50%
268,5-Feb-21,38297.6,"36,976.40","38,303.60","36,640.00",100.60K,3.56%
269,4-Feb-21,36982.1,"37,648.90","38,707.90","36,380.80",151.44K,-1.77%
270,3-Feb-21,37646.8,"35,486.90","37,646.80","35,401.50",131.03K,6.09%
271,2-Feb-21,35485.2,"33,514.00","35,976.10","33,462.40",120.85K,5.88%
272,1-Feb-21,33515.7,"33,106.80","34,685.60","32,324.90",126.32K,1.23%
273,31-Jan-21,33108.1,"34,281.60","34,348.30","32,189.90",101.92K,-3.43%
274,30-Jan-21,34283.1,"34,300.00","34,920.90","32,908.50",128.57K,-0.05%
275,29-Jan-21,34301.8,"33,381.70","38,546.00","31,953.30",297.73K,2.78%
276,28-Jan-21,33374.8,"30,408.90","33,790.80","29,911.90",167.39K,9.77%
277,27-Jan-21,30404,"32,499.60","32,545.40","29,290.40",194.35K,-6.46%
278,26-Jan-21,32502.1,"32,244.10","32,917.70","30,850.00",139.84K,0.77%
279,25-Jan-21,32252.3,"32,244.30","34,854.30","31,967.40",142.43K,0.03%
280,24-Jan-21,32241.3,"32,088.50","33,034.80","30,982.90",88.21K,0.47%
281,23-Jan-21,32088.9,"32,994.10","33,441.40","31,418.20",100.70K,-2.76%
282,22-Jan-21,33000.5,"30,838.70","33,821.20","28,871.20",243.09K,7.00%
283,21-Jan-21,30842.1,"35,472.30","35,591.10","30,101.80",253.27K,-13.06%
284,20-Jan-21,35476.3,"35,862.10","36,384.40","33,444.50",153.61K,-1.46%
285,19-Jan-21,36002.9,"36,630.60","37,821.00","36,001.40",79.11K,-1.67%
286,18-Jan-21,36613.2,"35,838.20","37,436.80","34,801.00",111.52K,2.16%
287,17-Jan-21,35839.6,"36,020.10","36,801.30","33,883.50",126.82K,-0.50%
288,16-Jan-21,36019.5,"36,751.80","37,931.70","35,408.40",137.02K,-2.24%
289,15-Jan-21,36845.8,"39,175.70","39,715.00","34,488.70",118.42K,-5.95%
290,14-Jan-21,39175.7,"37,383.40","40,054.30","36,772.10",172.40K,4.80%
291,13-Jan-21,37382.2,"34,061.20","37,764.60","32,451.90",209.93K,9.70%
292,12-Jan-21,34076.1,"35,426.00","36,598.70","32,572.70",241.93K,-4.13%
293,11-Jan-21,35544.3,"38,195.30","38,217.20","30,411.60",251.04K,-6.93%
294,10-Jan-21,38192.2,"40,149.70","41,362.40","35,141.60",215.78K,-4.88%
295,9-Jan-21,40151.9,"40,607.20","41,363.50","38,775.10",128.42K,-1.10%
296,8-Jan-21,40599.3,"39,466.40","41,921.70","36,613.40",251.29K,2.89%
297,7-Jan-21,39460.2,"36,798.50","40,340.90","36,361.20",249.60K,7.25%
298,6-Jan-21,36793.2,"33,999.30","36,934.80","33,408.30",227.56K,8.24%
299,5-Jan-21,33991.5,"32,015.40","34,414.70","30,010.50",202.13K,6.15%
300,4-Jan-21,32022.6,"33,016.60","33,587.50","28,204.50",255.27K,-2.84%
301,3-Jan-21,32958.9,"32,192.90","34,755.90","32,029.60",155.21K,2.38%
302,2-Jan-21,32193.3,"29,359.70","33,233.50","29,008.00",240.87K,9.65%
303,1-Jan-21,29359.9,"28,951.70","29,627.10","28,712.40",100.90K,1.42%
304,31-Dec-20,28949.4,"28,866.80","29,298.80","28,025.00",136.69K,0.28%
305,30-Dec-20,28868.7,"27,374.50","28,979.30","27,374.50",159.82K,5.45%
306,29-Dec-20,27376,"27,065.30","27,390.70","25,902.80",119.57K,1.18%
307,28-Dec-20,27057.8,"26,259.20","27,444.90","26,144.30",126.98K,3.03%
308,27-Dec-20,26261.3,"26,460.30","28,360.30","25,858.20",231.23K,-0.73%
309,26-Dec-20,26454.4,"24,714.70","26,826.00","24,515.10",155.77K,7.15%
310,25-Dec-20,24689.6,"23,728.70","24,778.90","23,445.30",2.40K,4.02%
311,24-Dec-20,23736.5,"23,253.20","23,783.70","22,737.30",104.59K,2.06%
312,23-Dec-20,23257.9,"23,820.80","24,063.70","22,694.70",178.47K,-2.37%
313,22-Dec-20,23823.2,"22,730.40","23,825.40","22,388.60",130.75K,4.82%
314,21-Dec-20,22728.5,"23,474.10","24,101.90","22,015.50",154.69K,-3.18%
315,20-Dec-20,23474.9,"23,843.60","24,280.90","23,098.90",114.09K,-1.55%
316,19-Dec-20,23844,"23,127.60","24,107.10","22,797.00",133.88K,3.10%
317,18-Dec-20,23127.9,"22,823.30","23,272.80","22,361.50",131.80K,1.33%
318,17-Dec-20,22825.4,"21,352.30","23,738.00","21,243.10",310.74K,6.90%
319,16-Dec-20,21352.2,"19,434.70","21,525.30","19,299.70",199.81K,9.87%
320,15-Dec-20,19434.9,"19,273.90","19,556.30","19,076.20",98.39K,0.84%
321,14-Dec-20,19273.8,"19,176.40","19,346.50","19,007.00",67.11K,0.51%
322,13-Dec-20,19176.8,"18,808.10","19,403.60","18,716.80",82.45K,1.96%
323,12-Dec-20,18808.9,"18,026.70","18,936.20","18,025.10",71.37K,4.36%
324,11-Dec-20,18023.6,"18,250.50","18,288.30","17,600.10",111.53K,-1.23%
325,10-Dec-20,18247.2,"18,546.10","18,551.80","17,926.80",85.31K,-1.61%
326,9-Dec-20,18546,"18,322.40","18,637.90","17,658.80",129.72K,1.20%
327,8-Dec-20,18326.6,"19,170.80","19,288.60","18,229.20",101.41K,-4.40%
328,7-Dec-20,19170.7,"19,368.40","19,424.60","18,908.80",61.98K,-1.08%
329,6-Dec-20,19379.9,"19,146.00","19,417.10","18,873.00",54.56K,1.22%
330,5-Dec-20,19146.5,"18,657.50","19,172.70","18,507.10",59.44K,2.62%
331,4-Dec-20,18658.1,"19,431.10","19,529.50","18,610.80",110.63K,-3.99%
332,3-Dec-20,19433.3,"19,219.80","19,596.60","18,883.70",99.97K,1.12%
333,2-Dec-20,19218.8,"18,767.90","19,335.50","18,346.70",91.92K,2.39%
334,1-Dec-20,18770.7,"19,697.80","19,897.40","18,257.00",208.72K,-4.71%
335,30-Nov-20,19698.1,"18,186.00","19,831.20","18,186.00",185.59K,8.32%
336,29-Nov-20,18185.5,"17,729.70","18,336.30","17,530.40",79.12K,2.57%
337,28-Nov-20,17730.7,"17,142.60","17,874.40","16,874.40",95.20K,3.52%
338,27-Nov-20,17127.1,"17,160.90","17,450.30","16,481.60",138.80K,-0.20%
339,26-Nov-20,17162,"18,721.90","18,894.90","16,235.20",312.07K,-8.34%
340,25-Nov-20,18723,"19,151.50","19,486.70","18,527.70",146.12K,-2.24%
341,24-Nov-20,19152.6,"18,394.60","19,416.60","18,074.80",180.79K,4.21%
342,23-Nov-20,18379.6,"18,428.10","18,756.80","18,016.00",127.35K,-0.18%
343,22-Nov-20,18412.9,"18,689.30","18,751.50","17,644.60",121.76K,-1.47%
344,21-Nov-20,18687.2,"18,673.80","18,966.00","18,397.50",108.91K,0.06%
345,20-Nov-20,18675.2,"17,805.50","18,811.00","17,758.40",134.42K,4.90%
346,19-Nov-20,17803.5,"17,775.10","18,166.00","17,380.10",135.94K,0.16%
347,18-Nov-20,17774.6,"17,662.30","18,466.10","17,258.90",233.43K,0.64%
348,17-Nov-20,17662.3,"16,715.80","17,845.40","16,562.00",175.87K,5.66%
349,16-Nov-20,16715.8,"15,954.10","16,880.70","15,870.70",118.09K,4.78%
350,15-Nov-20,15953,"16,074.70","16,158.10","15,782.30",58.43K,-0.73%
351,14-Nov-20,16071,"16,323.10","16,328.20","15,717.70",83.64K,-1.55%
352,13-Nov-20,16324.2,"16,293.00","16,474.10","15,973.40",113.75K,0.18%
353,12-Nov-20,16294.7,"15,695.80","16,342.70","15,483.50",165.54K,3.82%
354,11-Nov-20,15695.8,"15,303.10","15,953.90","15,281.00",119.07K,2.56%
355,10-Nov-20,15303.6,"15,328.00","15,465.30","15,096.50",93.36K,-0.15%
356,9-Nov-20,15327.2,"15,483.30","15,819.60","14,816.90",165.04K,-1.01%
357,8-Nov-20,15483.7,"14,826.60","15,648.30","14,720.70",94.99K,4.42%
358,7-Nov-20,14828.4,"15,578.20","15,754.40","14,385.10",160.73K,-4.81%
359,6-Nov-20,15577.9,"15,593.90","15,955.20","15,223.50",186.13K,-0.06%
360,5-Nov-20,15587.1,"14,145.60","15,739.90","14,099.70",227.49K,10.19%
361,4-Nov-20,14145.6,"14,023.00","14,238.80","13,544.40",140.80K,0.90%
362,3-Nov-20,14019.9,"13,560.50","14,054.00","13,294.60",108.17K,3.38%
363,2-Nov-20,13561.4,"13,759.70","13,828.40","13,214.20",97.76K,-1.44%
364,1-Nov-20,13759.4,"13,795.50","13,889.50","13,628.70",51.71K,-0.27%
365,31-Oct-20,13797.3,"13,560.20","14,065.40","13,441.70",102.75K,1.75%
366,30-Oct-20,13559.9,"13,457.00","13,667.90","13,134.50",108.77K,0.76%
367,29-Oct-20,13457.2,"13,278.30","13,640.00","12,982.90",111.23K,1.34%
368,28-Oct-20,13278.9,"13,658.30","13,851.70","12,907.60",144.18K,-2.77%
369,27-Oct-20,13657.8,"13,061.50","13,782.30","13,050.30",128.64K,4.56%
370,26-Oct-20,13061.6,"13,033.00","13,229.70","12,792.40",89.47K,0.23%
371,25-Oct-20,13032.2,"13,117.00","13,345.30","12,900.40",59.73K,-0.65%
372,24-Oct-20,13117.2,"12,933.60","13,161.50","12,876.40",51.20K,1.42%
373,23-Oct-20,12934.1,"12,972.70","13,025.50","12,738.90",73.94K,-0.31%
374,22-Oct-20,12974.6,"12,805.50","13,183.90","12,698.20",113.31K,1.30%
375,21-Oct-20,12808.7,"11,913.60","13,213.50","11,894.60",197.72K,7.51%
376,20-Oct-20,11913.5,"11,753.90","12,029.40","11,685.70",94.59K,1.36%
377,19-Oct-20,11753.4,"11,507.10","11,823.30","11,413.90",73.04K,2.14%
378,18-Oct-20,11506.9,"11,362.10","11,506.90","11,349.80",31.51K,1.27%
379,17-Oct-20,11362.1,"11,321.80","11,402.70","11,274.40",29.86K,0.35%
380,16-Oct-20,11322,"11,503.20","11,542.20","11,224.60",71.42K,-1.57%
381,15-Oct-20,11503,"11,421.40","11,590.90","11,276.70",70.84K,0.72%
382,14-Oct-20,11420.4,"11,424.40","11,541.00","11,293.50",59.12K,-0.03%
383,13-Oct-20,11423.8,"11,533.50","11,558.00","11,315.90",64.67K,-0.95%
384,12-Oct-20,11533.9,"11,370.80","11,715.90","11,227.40",84.02K,1.43%
385,11-Oct-20,11371,"11,295.60","11,439.40","11,277.60",41.06K,0.64%
386,10-Oct-20,11298.4,"11,053.50","11,475.00","11,053.10",65.81K,2.21%
387,9-Oct-20,11054.2,"10,923.50","11,103.00","10,836.90",70.95K,1.19%
388,8-Oct-20,10924.1,"10,670.70","10,948.60","10,549.60",79.78K,2.37%
389,7-Oct-20,10670.9,"10,601.00","10,680.10","10,553.30",49.27K,0.64%
390,6-Oct-20,10602.6,"10,790.20","10,800.30","10,530.80",69.07K,-1.73%
391,5-Oct-20,10789.5,"10,672.50","10,789.60","10,623.40",48.86K,1.09%
392,4-Oct-20,10672.9,"10,544.40","10,693.30","10,520.80",31.40K,1.22%
393,3-Oct-20,10544.2,"10,572.20","10,597.80","10,501.20",29.10K,-0.27%
394,2-Oct-20,10572.3,"10,619.60","10,662.90","10,387.60",77.94K,-0.45%
395,1-Oct-20,10620.5,"10,776.60","10,913.70","10,462.70",95.33K,-1.44%
396,30-Sep-20,10776.1,"10,843.40","10,847.70","10,667.60",55.55K,-0.60%
397,29-Sep-20,10840.9,"10,694.30","10,858.40","10,642.40",59.64K,1.38%
398,28-Sep-20,10693.2,"10,776.40","10,946.60","10,685.20",72.29K,-0.77%
399,27-Sep-20,10776.2,"10,727.90","10,799.20","10,602.70",40.92K,0.45%
400,26-Sep-20,10727.9,"10,688.90","10,793.30","10,650.20",37.85K,0.37%
401,25-Sep-20,10688.8,"10,739.90","10,756.00","10,558.90",71.43K,-0.47%
402,24-Sep-20,10739.4,"10,238.10","10,787.80","10,201.00",82.95K,4.90%
403,23-Sep-20,10237.3,"10,531.50","10,535.40","10,146.60",74.95K,-2.79%
404,22-Sep-20,10531.5,"10,419.40","10,570.70","10,361.70",63.52K,1.10%
405,21-Sep-20,10416.8,"10,919.90","10,987.20","10,328.50",109.85K,-4.62%
406,20-Sep-20,10921.5,"11,081.60","11,081.60","10,772.70",53.39K,-1.45%
407,19-Sep-20,11081.8,"10,933.00","11,177.10","10,890.70",51.63K,1.36%
408,18-Sep-20,10933,"10,941.30","11,029.70","10,818.70",63.48K,-0.08%
409,17-Sep-20,10941.3,"10,950.10","11,039.30","10,755.20",77.22K,-0.07%
410,16-Sep-20,10949.5,"10,785.20","11,093.30","10,669.20",94.94K,1.52%
411,15-Sep-20,10785.3,"10,675.20","10,931.80","10,627.80",91.70K,1.03%
412,14-Sep-20,10675.3,"10,332.70","10,744.30","10,264.50",96.64K,3.38%
413,13-Sep-20,10326,"10,441.70","10,579.60","10,219.40",66.12K,-1.11%
414,12-Sep-20,10441.9,"10,390.20","10,476.80","10,275.90",48.49K,0.50%
415,11-Sep-20,10390.2,"10,339.80","10,398.80","10,212.60",62.28K,0.49%
416,10-Sep-20,10339.7,"10,224.30","10,480.30","10,219.20",88.01K,1.13%
417,9-Sep-20,10224.6,"10,126.80","10,343.30","9,984.60",71.37K,0.97%
418,8-Sep-20,10126.6,"10,376.90","10,434.40","9,877.10",113.90K,-2.41%
419,7-Sep-20,10376.9,"10,296.40","10,400.90","9,887.00",12.40M,0.78%
420,6-Sep-20,10296.4,"10,092.20","10,337.70","10,004.70",12.12M,2.02%
421,5-Sep-20,10092.2,"10,472.30","10,558.70","9,897.80",14.72M,-3.63%
422,4-Sep-20,10472.5,"10,168.70","10,614.20","9,960.30",12.50M,2.99%
423,3-Sep-20,10168.8,"11,413.20","11,442.70","10,009.50",9.65M,-10.90%
424,2-Sep-20,11413.3,"11,914.40","11,947.50","11,244.90",20.26M,-4.21%
425,1-Sep-20,11914.9,"11,644.20","12,045.90","11,544.60",580.69K,2.32%
426,31-Aug-20,11644.2,"11,701.10","11,760.20","11,563.80",496.14K,-0.49%
427,30-Aug-20,11702,"11,468.10","11,704.20","11,462.60",409.36K,2.04%
428,29-Aug-20,11468.1,"11,527.80","11,576.80","11,433.50",389.85K,-0.51%
429,28-Aug-20,11527.4,"11,327.50","11,539.00","11,281.90",464.94K,1.77%
430,27-Aug-20,11327.4,"11,462.30","11,580.30","11,135.30",560.59K,-1.18%
431,26-Aug-20,11462.3,"11,324.90","11,533.60","11,254.60",513.06K,1.21%
432,25-Aug-20,11324.8,"11,752.90","11,766.90","11,131.00",594.07K,-3.65%
433,24-Aug-20,11753.5,"11,641.60","11,824.60","11,587.10",429.13K,0.96%
434,23-Aug-20,11641.6,"11,661.10","11,705.40","11,520.80",377.33K,-0.17%
435,22-Aug-20,11661.3,"11,529.20","11,677.00","11,382.10",433.98K,1.15%
436,21-Aug-20,11529.2,"11,856.90","11,877.40","11,495.60",506.38K,-2.76%
437,20-Aug-20,11856.9,"11,751.00","11,881.00","11,672.70",430.93K,0.91%
438,19-Aug-20,11750.2,"11,944.40","12,013.20","11,602.60",550.26K,-1.65%
439,18-Aug-20,11947.6,"12,283.00","12,381.40","11,842.00",606.79K,-2.73%
440,17-Aug-20,12282.6,"11,898.80","12,444.10","11,764.00",628.41K,3.22%
441,16-Aug-20,11899,"11,845.50","11,922.50","11,688.90",410.81K,0.45%
442,15-Aug-20,11845.3,"11,751.10","11,964.00","11,711.50",499.10K,0.80%
443,14-Aug-20,11750.8,"11,771.10","11,835.50","11,651.50",435.44K,-0.17%
444,13-Aug-20,11770.9,"11,557.20","11,772.90","11,298.40",545.67K,1.85%
445,12-Aug-20,11557.2,"11,390.40","11,605.40","11,190.60",549.59K,1.46%
446,11-Aug-20,11390.4,"11,889.20","11,931.80","11,146.70",615.90K,-4.19%
447,10-Aug-20,11889.2,"11,681.10","12,041.10","11,546.90",564.11K,1.78%
448,9-Aug-20,11681.2,"11,764.40","11,792.80","11,527.50",303.00K,-0.71%
449,8-Aug-20,11764.3,"11,591.60","11,805.50","11,533.50",317.06K,1.49%
450,7-Aug-20,11592,"11,757.10","11,901.80","11,352.40",517.00K,-1.40%
451,6-Aug-20,11757.1,"11,735.00","11,898.40","11,563.00",554.85K,0.19%
452,5-Aug-20,11735.1,"11,184.80","11,771.50","11,114.50",570.83K,4.92%
453,4-Aug-20,11184.7,"11,223.80","11,407.80","11,043.00",485.79K,-0.35%
454,3-Aug-20,11224.4,"11,066.90","11,461.10","10,981.60",470.24K,1.42%
455,2-Aug-20,11066.8,"11,802.60","12,061.10","10,730.70",647.95K,-6.24%
456,1-Aug-20,11803.1,"11,333.20","11,847.70","11,226.10",611.47K,4.14%
457,31-Jul-20,11333.4,"11,096.50","11,434.80","10,964.60",530.95K,2.14%
458,30-Jul-20,11096.2,"11,105.80","11,164.40","10,861.60",501.14K,-0.09%
459,29-Jul-20,11105.9,"10,908.40","11,336.50","10,771.80",576.83K,1.81%
460,28-Jul-20,10908.5,"10,961.10","11,046.10","10,873.60",658.37K,-1.04%
461,27-Jul-20,11022.8,"9,932.70","11,367.00","9,894.60",908.99K,10.98%
462,26-Jul-20,9932.5,"9,690.00","10,086.60","9,645.90",415.07K,2.35%
463,25-Jul-20,9704.1,"9,546.70","9,729.30","9,536.20",306.29K,1.65%
464,24-Jul-20,9546.4,"9,599.20","9,626.20","9,480.50",359.16K,-0.55%
465,23-Jul-20,9599.6,"9,513.60","9,646.50","9,451.10",425.66K,0.90%
466,22-Jul-20,9513.7,"9,387.40","9,523.10","9,296.00",386.00K,1.35%
467,21-Jul-20,9387.3,"9,162.30","9,426.90","9,155.10",458.99K,2.46%
468,20-Jul-20,9162.4,"9,208.10","9,218.40","9,139.90",312.98K,-0.50%
469,19-Jul-20,9208,"9,170.10","9,224.80","9,106.40",265.25K,0.41%
470,18-Jul-20,9170.2,"9,155.80","9,198.80","9,126.70",276.40K,0.16%
471,17-Jul-20,9155.8,"9,135.40","9,181.90","9,091.50",310.92K,0.22%
472,16-Jul-20,9135.3,"9,198.70","9,224.20","9,052.00",429.04K,-0.69%
473,15-Jul-20,9198.7,"9,253.60","9,270.20","9,168.70",429.84K,-0.59%
474,14-Jul-20,9253.4,"9,243.10","9,274.80","9,135.70",453.83K,0.11%
475,13-Jul-20,9243.6,"9,300.50","9,329.60","9,207.60",456.87K,-0.62%
476,12-Jul-20,9300.8,"9,234.20","9,337.80","9,170.40",366.88K,0.73%
477,11-Jul-20,9233.3,"9,285.80","9,295.50","9,184.20",353.92K,-0.56%
478,10-Jul-20,9285.1,"9,239.00","9,309.80","9,131.90",418.47K,0.53%
479,9-Jul-20,9235.7,"9,430.10","9,434.50","9,176.00",444.27K,-2.06%
480,8-Jul-20,9429.9,"9,256.30","9,458.30","9,233.10",509.94K,1.88%
481,7-Jul-20,9256,"9,338.80","9,371.20","9,209.30",420.55K,-0.89%
482,6-Jul-20,9339,"9,080.40","9,363.00","9,063.20",510.27K,2.84%
483,5-Jul-20,9081,"9,134.30","9,149.60","8,932.10",314.10K,-0.58%
484,4-Jul-20,9134.4,"9,067.10","9,182.30","9,049.60",261.25K,0.74%
485,3-Jul-20,9067.1,"9,085.00","9,120.40","9,050.90",333.88K,-0.20%
486,2-Jul-20,9085.1,"9,229.90","9,259.70","8,962.10",483.10K,-1.57%
487,1-Jul-20,9229.9,"9,135.90","9,289.00","9,101.10",366.78K,1.03%
488,30-Jun-20,9135.4,"9,186.00","9,199.80","9,075.30",381.73K,-0.54%
489,29-Jun-20,9185.4,"9,122.80","9,229.10","9,033.60",401.12K,0.67%
490,28-Jun-20,9124,"9,008.40","9,185.50","8,950.20",329.01K,1.28%
491,27-Jun-20,9008.3,"9,160.50","9,190.50","8,865.30",441.93K,-1.66%
492,26-Jun-20,9160,"9,247.50","9,296.50","9,060.10",489.84K,-0.95%
493,25-Jun-20,9247.5,"9,300.80","9,327.30","9,022.60",524.45K,-0.59%
494,24-Jun-20,9302,"9,624.60","9,667.40","9,223.00",515.78K,-3.35%
495,23-Jun-20,9624.6,"9,683.90","9,715.60","9,581.80",375.49K,-0.61%
496,22-Jun-20,9683.7,"9,296.50","9,751.90","9,285.80",523.32K,4.17%
497,21-Jun-20,9296.4,"9,358.80","9,411.20","9,288.50",335.99K,-0.67%
498,20-Jun-20,9358.8,"9,314.00","9,394.50","9,199.80",383.44K,0.48%
499,19-Jun-20,9314,"9,390.30","9,424.00","9,249.60",478.49K,-0.79%
500,18-Jun-20,9388.1,"9,464.60","9,480.40","9,289.30",391.67K,-0.81%
501,17-Jun-20,9464.6,"9,523.60","9,543.60","9,258.20",446.45K,-0.62%
502,16-Jun-20,9523.5,"9,425.60","9,577.10","9,379.30",545.47K,1.04%
503,15-Jun-20,9425.4,"9,345.50","9,489.70","8,925.60",750.90K,0.86%
504,14-Jun-20,9345.3,"9,470.70","9,474.70","9,264.40",311.27K,-1.33%
505,13-Jun-20,9471.3,"9,466.50","9,484.90","9,369.90",364.97K,0.05%
506,12-Jun-20,9466.6,"9,283.70","9,547.50","9,249.40",529.28K,1.97%
507,11-Jun-20,9283.2,"9,878.90","9,945.20","9,139.10",919.30K,-6.03%
508,10-Jun-20,9878.8,"9,768.80","9,970.90","9,710.70",533.55K,1.13%
509,9-Jun-20,9768.8,"9,777.70","9,857.20","9,616.60",479.55K,-0.09%
510,8-Jun-20,9777.9,"9,743.40","9,788.20","9,662.30",431.04K,0.36%
511,7-Jun-20,9742.6,"9,669.60","9,791.80","9,417.40",549.20K,0.76%
512,6-Jun-20,9669.6,"9,630.80","9,733.10","9,549.50",370.85K,0.40%
513,5-Jun-20,9631.2,"9,794.00","9,846.10","9,628.70",527.05K,-1.67%
514,4-Jun-20,9794.4,"9,667.20","9,864.40","9,490.90",593.66K,1.32%
515,3-Jun-20,9667.2,"9,527.00","9,667.20","9,421.70",558.12K,1.47%
516,2-Jun-20,9527.6,"10,190.70","10,207.30","9,347.30",1.06M,-6.49%
517,1-Jun-20,10189.3,"9,454.50","10,301.80","9,429.70",796.68K,7.77%
518,31-May-20,9454.8,"9,692.90","9,695.60","9,406.20",645.27K,-2.45%
519,30-May-20,9692.5,"9,424.80","9,729.90","9,352.70",720.62K,2.84%
520,29-May-20,9424.8,"9,573.40","9,596.50","9,358.10",814.33K,-1.54%
521,28-May-20,9572.2,"9,199.80","9,610.80","9,119.20",948.86K,4.06%
522,27-May-20,9199.1,"8,842.30","9,210.90","8,818.60",810.89K,4.03%
523,26-May-20,8842.5,"8,897.70","8,994.60","8,713.90",784.92K,-0.63%
524,25-May-20,8898.2,"8,728.00","8,959.50","8,666.10",941.89K,1.95%
525,24-May-20,8728.2,"9,177.90","9,292.00","8,724.10",1.11M,-4.89%
526,23-May-20,9177,"9,169.80","9,303.20","9,098.90",812.56K,0.08%
527,22-May-20,9169.7,"9,058.20","9,253.50","8,952.10",914.59K,1.22%
528,21-May-20,9059,"9,511.60","9,567.10","8,833.60",1.41M,-4.76%
529,20-May-20,9512.3,"9,773.00","9,829.30","9,368.40",1.15M,-2.67%
530,19-May-20,9773.3,"9,730.80","9,883.90","9,498.70",1.16M,0.44%
531,18-May-20,9730.7,"9,678.40","9,930.20","9,524.40",1.18M,0.55%
532,17-May-20,9677.7,"9,376.60","9,866.00","9,327.80",1.18M,3.18%
533,16-May-20,9379.5,"9,318.10","9,579.00","9,233.00",1.10M,0.66%
534,15-May-20,9318,"9,778.60","9,819.60","9,223.20",1.56M,-4.71%
535,14-May-20,9778.4,"9,298.70","9,887.50","9,265.80",1.77M,5.16%
536,13-May-20,9298.7,"8,813.90","9,384.60","8,799.10",1.50M,5.50%
537,12-May-20,8813.8,"8,569.80","8,964.50","8,542.80",1.35M,2.73%
538,11-May-20,8579.8,"8,737.60","9,129.60","8,235.60",2.29M,-1.82%
539,10-May-20,8738.8,"9,553.90","9,569.40","8,259.30",2.47M,-8.54%
540,9-May-20,9554.6,"9,806.00","9,910.50","9,533.60",1.49M,-2.57%
541,8-May-20,9806.2,"9,980.10","10,018.20","9,731.40",1.42M,-1.74%
542,7-May-20,9979.8,"9,152.70","10,033.00","9,064.80",1.91M,9.05%
543,6-May-20,9151.4,"9,000.60","9,373.70","8,923.60",1.62M,1.67%
544,5-May-20,9001,"8,874.20","9,078.70","8,800.40",1.05M,1.42%
545,4-May-20,8874.7,"8,885.50","8,945.50","8,553.20",1.12M,-0.12%
546,3-May-20,8885.5,"8,966.20","9,169.90","8,742.20",1.15M,-0.90%
547,2-May-20,8966.3,"8,821.60","8,986.20","8,771.30",890.34K,1.64%
548,1-May-20,8821.6,"8,628.60","9,040.30","8,621.00",1.11M,2.23%
549,30-Apr-20,8629,"8,770.60","9,437.50","8,425.50",2.04M,-1.62%
550,29-Apr-20,8770.9,"7,746.70","8,918.50","7,729.70",1.83M,13.22%
551,28-Apr-20,7746.9,"7,766.00","7,770.10","7,655.30",808.09K,-0.25%
552,27-Apr-20,7766,"7,679.40","7,768.50","7,637.70",980.50K,1.13%
553,26-Apr-20,7678.9,"7,540.40","7,679.40","7,520.50",921.59K,1.84%
554,25-Apr-20,7540.4,"7,503.90","7,684.60","7,451.00",861.93K,0.49%
555,24-Apr-20,7503.8,"7,491.30","7,583.50","7,423.50",951.95K,0.20%
556,23-Apr-20,7488.5,"7,112.80","7,655.40","7,036.50",1.34M,5.28%
557,22-Apr-20,7112.9,"6,842.50","7,137.40","6,821.80",914.18K,3.95%
558,21-Apr-20,6842.5,"6,833.40","6,919.30","6,774.30",892.57K,0.13%
559,20-Apr-20,6833.5,"7,122.90","7,207.50","6,771.20",1.26M,-4.06%
560,19-Apr-20,7122.9,"7,230.90","7,238.00","7,079.10",5.93M,-1.49%
561,18-Apr-20,7230.8,"7,035.90","7,259.40","7,031.50",796.45K,2.77%
562,17-Apr-20,7035.8,"7,085.50","7,142.80","7,005.80",810.10K,-0.70%
563,16-Apr-20,7085.6,"6,629.10","7,159.70","6,520.50",1.54M,6.89%
564,15-Apr-20,6629.1,"6,851.30","6,929.50","6,615.90",1.00M,-3.24%
565,14-Apr-20,6850.9,"6,841.80","6,970.80","6,768.60",999.53K,0.14%
566,13-Apr-20,6841.3,"6,918.10","6,920.30","6,618.50",1.25M,-1.10%
567,12-Apr-20,6917.6,"6,867.90","7,158.80","6,785.10",1.10M,0.73%
568,11-Apr-20,6867.8,"6,862.70","6,931.40","6,765.10",845.58K,0.07%
569,10-Apr-20,6863.1,"7,289.00","7,294.40","6,756.10",1.37M,-5.84%
570,9-Apr-20,7289,"7,361.10","7,361.10","7,140.30",963.55K,-0.98%
571,8-Apr-20,7361.2,"7,185.60","7,396.10","7,153.10",983.94K,2.45%
572,7-Apr-20,7185.2,"7,332.30","7,440.30","7,101.70",1.32M,-2.01%
573,6-Apr-20,7332.3,"6,772.80","7,335.00","6,770.10",1.53M,8.26%
574,5-Apr-20,6772.7,"6,857.50","6,889.40","6,686.00",842.33K,-1.23%
575,4-Apr-20,6857.4,"6,735.90","6,958.60","6,679.10",1.05M,1.80%
576,3-Apr-20,6735.9,"6,799.90","7,026.30","6,623.60",1.35M,-0.95%
577,2-Apr-20,6800.5,"6,638.80","7,182.70","6,567.90",1.74M,2.44%
578,1-Apr-20,6638.5,"6,412.40","6,661.30","6,157.40",1.40M,3.52%
579,31-Mar-20,6412.5,"6,391.10","6,513.10","6,346.30",1.05M,0.34%
580,30-Mar-20,6391,"5,890.40","6,576.50","5,872.50",1.43M,8.50%
581,29-Mar-20,5890.4,"6,233.20","6,258.80","5,889.30",916.17K,-5.51%
582,28-Mar-20,6233.7,"6,373.40","6,374.30","6,046.50",1.26M,-2.19%
583,27-Mar-20,6373.4,"6,725.50","6,813.70","6,322.30",1.16M,-5.23%
584,26-Mar-20,6725.1,"6,677.90","6,772.90","6,541.70",1.18M,0.69%
585,25-Mar-20,6678.9,"6,744.80","6,930.20","6,474.60",1.52M,-0.97%
586,24-Mar-20,6744.6,"6,468.80","6,814.20","6,380.80",1.73M,4.26%
587,23-Mar-20,6468.9,"5,822.00","6,564.70","5,710.80",1.88M,11.11%
588,22-Mar-20,5822.1,"6,186.90","6,394.40","5,771.20",1.48M,-5.89%
589,21-Mar-20,6186.2,"6,205.60","6,438.30","5,887.00",1.64M,-0.31%
590,20-Mar-20,6205.3,"6,171.60","6,858.10","5,748.20",2.22M,0.54%
591,19-Mar-20,6172,"5,359.20","6,379.50","5,256.00",2.18M,15.12%
592,18-Mar-20,5361.4,"5,260.70","5,373.10","5,020.90",1.80M,1.91%
593,17-Mar-20,5261.1,"5,030.20","5,432.80","4,946.50",1.89M,4.59%
594,16-Mar-20,5030,"5,366.40","5,369.30","4,477.70",2.55M,-6.27%
595,15-Mar-20,5366.3,"5,182.90","5,863.30","5,120.60",1.61M,3.54%
596,14-Mar-20,5182.7,"5,589.40","5,634.90","5,072.20",1.69M,-7.19%
597,13-Mar-20,5584.3,"4,815.20","5,934.30","3,869.50",4.17M,15.71%
598,12-Mar-20,4826,"7,935.20","7,963.10","4,546.60",3.22M,-39.18%
599,11-Mar-20,7935.1,"7,892.10","7,976.50","7,606.00",1.10M,0.56%
600,10-Mar-20,7891.2,"7,933.00","8,145.50","7,740.20",1.20M,-0.53%
601,9-Mar-20,7933,"8,035.80","8,158.80","7,648.70",1.54M,-1.26%
602,8-Mar-20,8034.1,"8,887.80","8,888.00","8,015.30",1.11M,-9.61%
603,7-Mar-20,8887.8,"9,134.20","9,180.80","8,848.70",750.65K,-2.70%
604,6-Mar-20,9134.8,"9,060.60","9,165.20","9,004.90",1.04M,0.82%
605,5-Mar-20,9060.3,"8,757.90","9,147.30","8,751.50",950.76K,3.45%
606,4-Mar-20,8757.9,"8,761.30","8,840.30","8,679.70",759.69K,-0.04%
607,3-Mar-20,8761.4,"8,906.10","8,911.70","8,669.30",1.01M,-1.61%
608,2-Mar-20,8904.8,"8,537.50","8,961.80","8,503.10",1.02M,4.27%
609,1-Mar-20,8540,"8,543.80","8,737.20","8,437.20",784.05K,-0.04%
610,29-Feb-20,8543.7,"8,697.10","8,793.70","8,539.80",683.44K,-1.77%
611,28-Feb-20,8697.5,"8,820.10","8,898.70","8,451.90",1.08M,-1.37%
612,27-Feb-20,8818.6,"8,800.10","8,968.30","8,538.50",1.13M,0.21%
613,26-Feb-20,8800.3,"9,317.10","9,368.10","8,672.00",1.32M,-5.55%
614,25-Feb-20,9317.2,"9,662.60","9,672.30","9,269.80",937.97K,-3.57%
615,24-Feb-20,9662.7,"9,943.20","9,981.00","9,507.00",980.00K,-2.82%
616,23-Feb-20,9942.7,"9,655.60","9,965.60","9,653.40",775.88K,2.97%
617,22-Feb-20,9655.7,"9,684.50","9,706.50","9,569.80",589.88K,-0.30%
618,21-Feb-20,9684.5,"9,602.20","9,747.10","9,574.50",716.61K,0.85%
619,20-Feb-20,9602.4,"9,611.90","9,681.40","9,448.90",870.80K,-0.07%
620,19-Feb-20,9609.4,"10,158.60","10,230.90","9,424.30",905.95K,-5.40%
621,18-Feb-20,10158.4,"9,701.50","10,230.10","9,601.60",945.91K,4.71%
622,17-Feb-20,9701.4,"9,931.70","9,951.50","9,468.90",961.88K,-2.32%
623,16-Feb-20,9932.3,"9,907.40","10,056.40","9,654.90",808.91K,0.25%
624,15-Feb-20,9907.7,"10,336.00","10,369.80","9,831.70",808.81K,-4.12%
625,14-Feb-20,10333,"10,235.50","10,372.40","10,125.20",732.51K,0.96%
626,13-Feb-20,10235.1,"10,321.90","10,482.60","10,116.90",940.30K,-0.80%
627,12-Feb-20,10317.7,"10,229.30","10,435.60","10,229.30",803.25K,0.86%
628,11-Feb-20,10229.5,"9,854.00","10,314.10","9,725.10",791.28K,3.81%
629,10-Feb-20,9854.1,"10,151.50","10,181.70","9,774.80",781.22K,-2.93%
630,9-Feb-20,10151.5,"9,895.40","10,157.10","9,882.70",617.35K,2.59%
631,8-Feb-20,9895.5,"9,817.30","9,931.20","9,673.20",551.31K,0.78%
632,7-Feb-20,9818.6,"9,771.90","9,872.50","9,738.70",608.96K,0.48%
633,6-Feb-20,9772,"9,611.80","9,854.90","9,536.10",778.67K,1.67%
634,5-Feb-20,9611.8,"9,194.10","9,726.80","9,179.90",771.46K,4.54%
635,4-Feb-20,9193.9,"9,296.50","9,347.50","9,193.90",651.68K,-1.10%
636,3-Feb-20,9296.6,"9,334.60","9,582.80","9,243.10",701.39K,-0.41%
637,2-Feb-20,9334.9,"9,381.50","9,465.40","9,183.10",683.37K,-0.50%
638,1-Feb-20,9381.6,"9,349.30","9,458.80","9,301.50",458.42K,0.35%
639,31-Jan-20,9349.1,"9,508.30","9,525.00","9,222.30",633.37K,-1.66%
640,30-Jan-20,9507.3,"9,299.10","9,569.00","9,209.20",765.21K,2.24%
641,29-Jan-20,9298.9,"9,377.30","9,428.70","9,250.90",749.88K,-0.84%
642,28-Jan-20,9377.3,"8,866.60","9,389.50","8,866.60",954.20K,5.76%
643,27-Jan-20,8866.6,"8,608.10","8,983.10","8,585.60",706.45K,3.01%
644,26-Jan-20,8607.8,"8,341.60","8,607.80","8,304.90",468.34K,3.19%
645,25-Jan-20,8341.6,"8,439.90","8,447.60","8,277.20",444.00K,-1.17%
646,24-Jan-20,8439.9,"8,404.90","8,522.00","8,242.60",617.02K,0.41%
647,23-Jan-20,8405.1,"8,678.50","8,687.30","8,309.60",722.67K,-3.15%
648,22-Jan-20,8678.5,"8,733.00","8,805.40","8,610.80",509.06K,-0.62%
649,21-Jan-20,8732.6,"8,642.00","8,770.30","8,524.00",540.20K,1.05%
650,20-Jan-20,8641.9,"8,705.70","8,740.10","8,539.20",599.06K,-0.74%
651,19-Jan-20,8706.2,"8,916.30","9,183.70","8,552.80",975.01K,-2.36%
652,18-Jan-20,8916.3,"8,913.00","8,982.30","8,814.60",627.74K,0.04%
653,17-Jan-20,8913.1,"8,726.70","9,005.10","8,675.90",794.11K,2.13%
654,16-Jan-20,8726.9,"8,818.10","8,850.00","8,605.80",748.32K,-1.04%
655,15-Jan-20,8818.3,"8,827.90","8,904.00","8,615.50",1.17M,-0.12%
656,14-Jan-20,8829.2,"8,111.20","8,898.70","8,111.20",1.48M,8.85%
657,13-Jan-20,8111.4,"8,188.30","8,196.70","8,068.40",610.66K,-0.93%
658,12-Jan-20,8187.6,"8,023.30","8,189.90","7,973.10",595.22K,2.04%
659,11-Jan-20,8024.1,"8,187.80","8,262.90","8,008.40",776.75K,-1.99%
660,10-Jan-20,8187.1,"7,842.50","8,187.40","7,697.70",1.05M,4.40%
661,9-Jan-20,7842.4,"8,060.00","8,065.90","7,779.20",786.50K,-2.70%
662,8-Jan-20,8059.6,"8,154.20","8,436.40","7,900.80",1.19M,-1.18%
663,7-Jan-20,8155.7,"7,759.10","8,182.00","7,754.10",1.01M,5.11%
664,6-Jan-20,7759.1,"7,372.60","7,783.10","7,366.70",786.75K,5.24%
665,5-Jan-20,7372.5,"7,376.80","7,501.00","7,345.60",628.14K,-0.06%
666,4-Jan-20,7376.8,"7,345.10","7,433.10","7,291.40",523.91K,0.46%
667,3-Jan-20,7343.1,"6,967.10","7,402.90","6,884.10",936.29K,5.40%
668,2-Jan-20,6967,"7,199.70","7,209.60","6,901.40",632.78K,-3.23%
669,1-Jan-20,7199.8,"7,196.40","7,259.40","7,180.00",420.28K,0.05%
670,31-Dec-19,7196.4,"7,261.50","7,331.00","7,167.40",586.60K,-0.90%
671,30-Dec-19,7261.8,"7,397.50","7,420.90","7,244.10",606.11K,-1.84%
672,29-Dec-19,7397.5,"7,321.60","7,518.90","7,303.00",611.69K,1.04%
673,28-Dec-19,7321.5,"7,261.90","7,375.90","7,256.50",610.96K,0.82%
674,27-Dec-19,7261.7,"7,210.80","7,293.80","7,128.50",718.07K,0.70%
675,26-Dec-19,7210.9,"7,225.00","7,414.30","7,177.30",795.09K,-0.19%
676,25-Dec-19,7224.8,"7,268.30","7,542.40","7,150.90",625.41K,-0.60%
677,24-Dec-19,7268.3,"7,322.40","7,433.20","7,185.70",785.54K,-0.74%
678,23-Dec-19,7322.8,"7,496.20","7,684.00","7,276.20",952.16K,-2.31%
679,22-Dec-19,7495.8,"7,156.30","7,501.10","7,142.00",677.94K,4.74%
680,21-Dec-19,7156.2,"7,196.40","7,197.60","7,129.60",468.74K,-0.56%
681,20-Dec-19,7196.4,"7,165.50","7,218.40","7,107.70",627.04K,0.43%
682,19-Dec-19,7165.5,"7,276.40","7,354.00","7,039.30",778.72K,-1.52%
683,18-Dec-19,7276,"6,613.50","7,387.70","6,462.20",1.14M,10.02%
684,17-Dec-19,6613.3,"6,903.50","6,943.50","6,575.00",894.55K,-4.20%
685,16-Dec-19,6903.5,"7,128.50","7,153.10","6,864.60",689.56K,-3.16%
686,15-Dec-19,7128.5,"7,080.80","7,175.80","7,033.80",492.58K,0.67%
687,14-Dec-19,7080.8,"7,255.20","7,267.40","7,043.30",524.56K,-2.40%
688,13-Dec-19,7255.2,"7,208.40","7,288.00","7,200.30",503.49K,0.65%
689,12-Dec-19,7208,"7,208.00","7,272.40","7,124.60",611.80K,0.00%
690,11-Dec-19,7208,"7,235.80","7,284.40","7,168.80",518.40K,-0.38%
691,10-Dec-19,7235.7,"7,356.20","7,400.30","7,192.10",609.50K,-1.63%
692,9-Dec-19,7355.8,"7,524.80","7,626.00","7,321.60",648.66K,-2.24%
693,8-Dec-19,7524.4,"7,510.80","7,576.40","7,416.70",499.04K,0.18%
694,7-Dec-19,7510.9,"7,530.40","7,595.70","7,489.60",557.14K,-0.26%
695,6-Dec-19,7530.8,"7,399.20","7,552.10","7,329.80",706.10K,1.78%
696,5-Dec-19,7399.2,"7,204.60","7,476.30","7,184.00",780.78K,2.70%
697,4-Dec-19,7204.4,"7,291.90","7,702.20","7,113.60",971.75K,-1.20%
698,3-Dec-19,7291.8,"7,298.10","7,389.40","7,227.10",548.77K,-0.09%
699,2-Dec-19,7298.2,"7,395.90","7,433.80","7,173.60",687.78K,-1.33%
700,1-Dec-19,7396.4,"7,546.50","7,546.50","7,244.40",777.00K,-1.99%
701,30-Nov-19,7546.6,"7,742.70","7,787.70","7,472.70",650.60K,-2.53%
702,29-Nov-19,7742.7,"7,426.60","7,825.30","7,412.30",766.71K,4.26%
703,28-Nov-19,7426.7,"7,510.60","7,639.50","7,380.60",737.58K,-1.12%
704,27-Nov-19,7510.6,"7,162.80","7,636.90","6,875.40",996.49K,4.86%
705,26-Nov-19,7162.8,"7,115.50","7,329.50","7,045.10",844.27K,0.66%
706,25-Nov-19,7115.6,"6,924.70","7,352.80","6,534.80",1.29M,2.76%
707,24-Nov-19,6924.7,"7,325.00","7,344.10","6,894.90",904.50K,-5.45%
708,23-Nov-19,7324.1,"7,271.60","7,342.50","7,093.70",783.18K,0.71%
709,22-Nov-19,7272.5,"7,627.90","7,700.90","6,818.50",1.41M,-4.66%
710,21-Nov-19,7627.9,"8,099.40","8,129.60","7,519.70",891.50K,-5.82%
711,20-Nov-19,8099.3,"8,145.70","8,223.00","8,074.20",607.27K,-0.57%
712,19-Nov-19,8145.7,"8,207.70","8,245.60","8,032.80",654.27K,-0.76%
713,18-Nov-19,8208.4,"8,510.30","8,516.30","8,110.40",692.60K,-3.54%
714,17-Nov-19,8509.8,"8,497.40","8,631.70","8,413.00",531.22K,0.15%
715,16-Nov-19,8497.3,"8,476.20","8,532.80","8,450.70",471.16K,0.25%
716,15-Nov-19,8476.3,"8,660.80","8,761.80","8,437.10",653.71K,-2.13%
717,14-Nov-19,8661.2,"8,782.90","8,799.80","8,615.80",515.43K,-1.39%
718,13-Nov-19,8783.1,"8,813.20","8,829.70","8,721.10",454.33K,-0.33%
719,12-Nov-19,8812.6,"8,737.40","8,841.20","8,615.70",575.16K,0.87%
720,11-Nov-19,8736.9,"9,036.90","9,066.40","8,649.40",601.16K,-3.32%
721,10-Nov-19,9036.8,"8,804.70","9,092.90","8,763.50",581.57K,2.64%
722,9-Nov-19,8804.5,"8,778.10","8,877.50","8,746.90",512.02K,0.30%
723,8-Nov-19,8778.2,"9,223.60","9,254.80","8,722.40",791.79K,-4.83%
724,7-Nov-19,9223.5,"9,339.20","9,367.00","9,130.00",603.54K,-1.24%
725,6-Nov-19,9338.9,"9,311.20","9,424.60","9,262.70",578.03K,0.30%
726,5-Nov-19,9310.8,"9,396.10","9,452.70","9,193.90",653.42K,-0.91%
727,4-Nov-19,9396.4,"9,198.70","9,500.40","9,134.10",681.01K,2.15%
728,3-Nov-19,9198.3,"9,300.50","9,359.10","9,095.00",536.56K,-1.10%
729,2-Nov-19,9300.6,"9,230.30","9,356.70","9,201.20",570.74K,0.76%
730,1-Nov-19,9230.1,"9,153.10","9,270.40","9,057.20",689.65K,0.85%
731,31-Oct-19,9152.6,"9,157.90","9,378.90","8,959.60",798.93K,-0.06%
732,30-Oct-19,9157.9,"9,411.30","9,411.30","9,018.40",789.73K,-2.69%
733,29-Oct-19,9411.3,"9,206.50","9,531.30","9,125.30",918.48K,2.22%
734,28-Oct-19,9207.2,"9,530.10","9,866.90","9,202.50",1.04M,-3.38%
735,27-Oct-19,9529.6,"9,230.60","9,773.20","9,081.00",1.16M,3.24%
736,26-Oct-19,9230.6,"8,658.40","10,540.00","8,061.80",1.78M,6.61%
737,25-Oct-19,8658.3,"7,422.80","8,697.70","7,404.90",1.18M,16.65%
738,24-Oct-19,7422.7,"7,476.80","7,501.50","7,366.30",586.49K,-0.73%
739,23-Oct-19,7477,"8,031.00","8,055.00","7,329.20",892.08K,-6.90%
740,22-Oct-19,8031.4,"8,207.40","8,289.10","8,017.70",570.39K,-2.15%
741,21-Oct-19,8208.2,"8,224.10","8,315.30","8,155.70",489.40K,-0.18%
742,20-Oct-19,8223.4,"7,957.40","8,288.50","7,889.60",513.91K,3.34%
743,19-Oct-19,7957.3,"7,948.30","8,060.20","7,892.40",428.83K,0.11%
744,18-Oct-19,7948.5,"8,073.30","8,116.40","7,842.00",505.79K,-1.55%
745,17-Oct-19,8073.3,"8,000.40","8,118.20","7,944.40",444.95K,0.91%
746,16-Oct-19,8000.4,"8,167.10","8,185.90","7,929.80",538.92K,-2.04%
747,15-Oct-19,8167.2,"8,353.40","8,400.20","8,139.50",469.73K,-2.23%
748,14-Oct-19,8353.3,"8,281.30","8,374.30","8,222.20",505.02K,0.87%
749,13-Oct-19,8281.5,"8,304.30","8,450.20","8,190.60",419.87K,-0.28%
750,12-Oct-19,8304.4,"8,267.60","8,394.80","8,260.90",424.02K,0.44%
751,11-Oct-19,8267.8,"8,562.20","8,751.10","8,249.70",667.86K,-3.44%
752,10-Oct-19,8562.3,"8,566.80","8,638.50","8,438.70",511.46K,-0.05%
753,9-Oct-19,8566.7,"8,180.10","8,655.90","8,122.70",636.43K,4.69%
754,8-Oct-19,8182.9,"8,198.50","8,323.10","8,118.10",469.04K,-0.19%
755,7-Oct-19,8198.6,"7,882.60","8,293.50","7,797.00",604.74K,4.02%
756,6-Oct-19,7881.9,"8,127.30","8,145.50","7,834.90",448.80K,-3.02%
757,5-Oct-19,8127.3,"8,148.00","8,185.10","8,030.60",360.92K,-0.25%
758,4-Oct-19,8148.1,"8,227.60","8,233.60","8,041.40",416.92K,-0.96%
759,3-Oct-19,8226.9,"8,363.60","8,391.70","8,090.10",460.97K,-1.64%
760,2-Oct-19,8364.1,"8,302.70","8,374.00","8,167.70",405.86K,0.74%
761,1-Oct-19,8302.7,"8,285.00","8,486.20","8,187.90",533.95K,0.22%
762,30-Sep-19,8284.3,"8,048.90","8,318.50","7,749.00",600.26K,2.92%
763,29-Sep-19,8049.1,"8,208.00","8,226.80","7,922.10",418.48K,-1.94%
764,28-Sep-19,8208.5,"8,184.50","8,297.20","8,031.10",457.79K,0.29%
765,27-Sep-19,8184.9,"8,063.80","8,257.40","7,882.10",561.40K,1.50%
766,26-Sep-19,8063.8,"8,432.50","8,463.10","7,773.60",731.03K,-4.37%
767,25-Sep-19,8432.4,"8,512.30","8,729.80","8,245.10",696.11K,-0.96%
768,24-Sep-19,8513.9,"9,702.70","9,793.80","8,069.40",933.16K,-12.25%
769,23-Sep-19,9702.2,"10,031.30","10,048.80","9,656.30",431.10K,-3.28%
770,22-Sep-19,10031.6,"9,993.00","10,075.00","9,870.90",337.06K,0.39%
771,21-Sep-19,9993,"10,172.80","10,177.90","9,939.80",326.17K,-1.77%
772,20-Sep-19,10172.7,"10,251.50","10,279.50","10,088.60",362.07K,-0.76%
773,19-Sep-19,10250.5,"10,164.60","10,297.60","9,707.60",542.25K,0.84%
774,18-Sep-19,10164.7,"10,195.70","10,257.50","10,119.30",318.82K,-0.30%
775,17-Sep-19,10195.7,"10,254.60","10,273.60","10,153.50",321.64K,-0.58%
776,16-Sep-19,10255.5,"10,311.30","10,360.50","10,108.50",372.53K,-0.54%
777,15-Sep-19,10311.5,"10,337.30","10,360.40","10,272.00",255.79K,-0.25%
778,14-Sep-19,10337.3,"10,342.20","10,421.40","10,253.70",326.44K,-0.05%
779,13-Sep-19,10342.1,"10,415.20","10,441.40","10,174.10",365.52K,-0.70%
780,12-Sep-19,10415.1,"10,162.40","10,447.90","10,051.00",413.22K,2.49%
781,11-Sep-19,10162.5,"10,104.90","10,257.50","9,908.90",413.06K,0.57%
782,10-Sep-19,10105.4,"10,308.70","10,379.80","9,970.70",383.22K,-1.98%
783,9-Sep-19,10309,"10,402.10","10,478.00","10,095.70",473.76K,-0.90%
784,8-Sep-19,10402.8,"10,461.60","10,578.00","10,266.30",339.73K,-0.56%
785,7-Sep-19,10461.1,"10,306.90","10,556.40","10,302.30",393.57K,1.47%
786,6-Sep-19,10309.3,"10,566.70","10,896.20","10,227.40",643.02K,-2.44%
787,5-Sep-19,10566.9,"10,567.80","10,630.70","10,469.90",402.09K,-0.01%
788,4-Sep-19,10568.2,"10,611.60","10,783.60","10,388.60",504.45K,-0.42%
789,3-Sep-19,10612.3,"10,348.10","10,756.80","10,283.50",578.79K,2.55%
790,2-Sep-19,10348.8,"9,728.80","10,431.50","9,720.30",542.79K,6.37%
791,1-Sep-19,9729.3,"9,594.70","9,799.50","9,533.60",322.66K,1.41%
792,31-Aug-19,9594.4,"9,585.50","9,677.50","9,457.30",311.49K,0.09%
793,30-Aug-19,9585.4,"9,494.10","9,675.70","9,370.20",413.92K,0.99%
794,29-Aug-19,9491,"9,729.10","9,729.10","9,343.00",509.13K,-2.45%
795,28-Aug-19,9729.4,"10,184.70","10,271.30","9,629.60",580.29K,-4.47%
796,27-Aug-19,10184.8,"10,372.20","10,387.60","10,060.20",419.81K,-1.80%
797,26-Aug-19,10371.8,"10,136.00","10,568.20","10,136.00",568.77K,2.32%
798,25-Aug-19,10136.3,"10,132.10","10,307.00","9,935.20",422.53K,0.05%
799,24-Aug-19,10131,"10,389.40","10,415.90","9,917.50",463.85K,-2.48%
800,23-Aug-19,10388.7,"10,104.90","10,434.30","9,921.40",436.26K,2.81%
801,22-Aug-19,10105,"10,141.10","10,218.20","9,777.00",520.75K,-0.36%
802,21-Aug-19,10141.5,"10,753.30","10,797.80","9,908.00",717.65K,-5.68%
803,20-Aug-19,10752.6,"10,911.20","10,941.60","10,581.00",515.47K,-1.45%
804,19-Aug-19,10910.7,"10,312.80","10,923.90","10,267.80",519.01K,5.80%
805,18-Aug-19,10312.7,"10,219.30","10,494.90","10,086.70",441.11K,0.93%
806,17-Aug-19,10218.1,"10,335.50","10,460.70","10,016.30",497.77K,-1.14%
807,16-Aug-19,10335.6,"10,300.90","10,734.00","9,788.60",798.67K,0.31%
808,15-Aug-19,10303.4,"10,053.30","10,448.20","9,580.10",930.05K,2.53%
809,14-Aug-19,10049.4,"10,894.20","10,894.50","9,965.50",745.59K,-7.74%
810,13-Aug-19,10892.9,"11,395.00","11,445.60","10,793.20",540.78K,-4.40%
811,12-Aug-19,11394.2,"11,505.10","11,508.60","11,267.30",391.08K,-1.07%
812,11-Aug-19,11517.2,"11,314.60","11,728.40","11,146.10",435.83K,1.79%
813,10-Aug-19,11314.5,"12,090.50","12,185.00","11,281.60",570.74K,-6.41%
814,9-Aug-19,12089.8,"12,190.00","12,225.30","11,885.00",558.72K,-0.84%
815,8-Aug-19,12191.6,"12,015.90","12,236.60","11,727.00",592.15K,1.48%
816,7-Aug-19,12013.9,"11,481.00","12,114.50","11,406.40",702.85K,4.64%
817,6-Aug-19,11480.9,"11,817.60","12,291.90","11,237.00",807.58K,-2.84%
818,5-Aug-19,11816.8,"10,934.80","11,922.30","10,934.80",769.63K,8.07%
819,4-Aug-19,10934.6,"10,816.10","11,017.70","10,568.80",585.71K,1.10%
820,3-Aug-19,10815.7,"10,519.90","10,893.60","10,504.50",508.75K,2.81%
821,2-Aug-19,10520.1,"10,380.50","10,664.80","10,330.50",578.29K,1.35%
822,1-Aug-19,10380,"10,081.90","10,459.00","9,890.60",608.37K,2.96%
823,31-Jul-19,10082,"9,580.30","10,100.00","9,562.40",589.84K,5.23%
824,30-Jul-19,9580.7,"9,580.00","9,703.00","9,483.00",511.51K,0.00%
825,29-Jul-19,9580.9,"9,728.50","9,835.40","9,502.50",510.90K,-1.51%
826,28-Jul-19,9727.8,"9,491.10","9,798.50","9,401.10",518.59K,2.48%
827,27-Jul-19,9492.1,"9,830.40","10,232.30","9,389.10",661.89K,-3.45%
828,26-Jul-19,9831,"9,945.20","10,436.10","9,724.20",493.75K,-1.15%
829,25-Jul-19,9945.3,"9,804.70","10,203.50","9,776.60",545.85K,1.44%
830,24-Jul-19,9804.3,"9,887.20","9,945.30","9,584.00",639.54K,-0.85%
831,23-Jul-19,9888.7,"10,412.80","10,414.70","9,865.40",663.38K,-5.03%
832,22-Jul-19,10412.5,"10,715.10","10,806.30","10,196.50",591.27K,-2.82%
833,21-Jul-19,10714.4,"10,827.00","10,883.80","10,442.50",562.17K,-1.04%
834,20-Jul-19,10826.7,"10,571.90","11,155.60","10,462.00",668.94K,2.41%
835,19-Jul-19,10571.5,"10,651.60","10,758.40","10,160.70",727.79K,-0.75%
836,18-Jul-19,10651.4,"9,723.10","10,787.10","9,390.00",974.49K,9.55%
837,17-Jul-19,9723.2,"9,425.10","9,983.60","9,082.60",1.03M,3.17%
838,16-Jul-19,9424.8,"10,844.00","11,019.50","9,375.30",1.05M,-13.10%
839,15-Jul-19,10845.9,"10,199.90","11,064.70","9,885.40",956.52K,6.33%
840,14-Jul-19,10200.1,"11,364.30","11,448.70","10,128.90",840.76K,-10.25%
841,13-Jul-19,11364.9,"11,762.80","11,798.40","10,839.40",747.71K,-3.38%
842,12-Jul-19,11762.1,"11,343.70","11,881.40","11,109.80",738.17K,3.70%
843,11-Jul-19,11342.3,"12,111.60","12,111.60","11,029.00",943.13K,-6.34%
844,10-Jul-19,12110.6,"12,542.80","13,134.40","11,594.90",1.11M,-3.44%
845,9-Jul-19,12541.5,"12,250.60","12,772.90","12,111.20",847.84K,2.36%
846,8-Jul-19,12252.6,"11,415.80","12,332.30","11,304.80",695.60K,7.33%
847,7-Jul-19,11415.9,"11,267.90","11,524.60","11,108.10",601.93K,1.31%
848,6-Jul-19,11268,"10,969.80","11,650.20","10,967.90",688.96K,2.71%
849,5-Jul-19,10970.2,"11,159.70","11,381.80","10,810.30",772.67K,-1.73%
850,4-Jul-19,11163.1,"11,899.30","11,948.00","11,087.10",840.34K,-6.20%
851,3-Jul-19,11900.8,"10,835.90","11,931.80","10,835.90",998.73K,9.83%
852,2-Jul-19,10835.9,"10,615.50","10,923.50","9,728.50",1.12M,2.07%
853,1-Jul-19,10616.6,"10,821.40","11,254.50","10,041.60",1.04M,-1.87%
854,30-Jun-19,10818.6,"11,906.00","12,179.30","10,765.40",880.77K,-9.14%
855,29-Jun-19,11906.5,"12,408.00","12,422.90","11,490.80",834.62K,-4.05%
856,28-Jun-19,12409.1,"11,288.40","12,461.80","10,970.50",1.09M,9.93%
857,27-Jun-19,11287.8,"13,062.40","13,422.00","10,493.50",1.59M,-13.59%
858,26-Jun-19,13063.8,"11,811.60","13,929.80","11,747.30",1.48M,10.62%
859,25-Jun-19,11809.9,"11,046.60","11,833.90","11,033.70",781.09K,6.91%
860,24-Jun-19,11046.4,"10,897.30","11,114.40","10,622.60",566.96K,1.37%
861,23-Jun-19,10897.1,"10,721.50","11,361.30","10,557.80",683.79K,1.64%
862,22-Jun-19,10721.7,"10,178.10","11,160.50","10,031.30",1.09M,5.33%
863,21-Jun-19,10179.3,"9,517.70","10,184.30","9,517.40",769.12K,6.96%
864,20-Jun-19,9517,"9,255.00","9,583.90","9,188.40",693.62K,2.83%
865,19-Jun-19,9255.4,"9,080.70","9,295.10","9,044.00",587.57K,1.93%
866,18-Jun-19,9080.6,"9,318.90","9,336.10","8,962.70",723.17K,-2.56%
867,17-Jun-19,9318.8,"8,961.00","9,438.10","8,959.80",738.80K,3.98%
868,16-Jun-19,8962.5,"8,812.20","9,332.00","8,771.10",849.77K,1.70%
869,15-Jun-19,8812.5,"8,655.80","8,856.70","8,582.30",608.69K,1.81%
870,14-Jun-19,8656.1,"8,218.60","8,685.30","8,153.20",643.17K,5.32%
871,13-Jun-19,8219,"8,132.40","8,306.10","8,028.60",574.21K,1.06%
872,12-Jun-19,8133.1,"7,888.00","8,198.10","7,805.80",607.89K,3.11%
873,11-Jun-19,7888,"7,987.80","8,010.40","7,714.50",579.00K,-1.25%
874,10-Jun-19,7987.8,"7,635.00","8,012.80","7,523.60",641.38K,4.62%
875,9-Jun-19,7635,"7,901.60","7,937.50","7,516.90",554.48K,-3.37%
876,8-Jun-19,7901.4,"7,985.30","8,044.40","7,770.50",485.81K,-1.05%
877,7-Jun-19,7985.2,"7,785.80","8,099.40","7,749.40",588.87K,2.57%
878,6-Jun-19,7784.9,"7,779.60","7,861.40","7,480.40",651.82K,0.08%
879,5-Jun-19,7779.1,"7,685.60","7,885.00","7,590.40",762.94K,1.22%
880,4-Jun-19,7685.5,"8,118.10","8,118.10","7,494.00",966.95K,-5.41%
881,3-Jun-19,8124.8,"8,728.60","8,734.90","8,102.70",739.45K,-6.92%
882,2-Jun-19,8728.6,"8,545.80","8,807.70","8,534.80",614.54K,2.14%
883,1-Jun-19,8545.7,"8,556.90","8,615.80","8,454.00",686.75K,-0.15%
884,31-May-19,8558.3,"8,271.40","8,578.80","8,135.00",858.41K,3.46%
885,30-May-19,8271.9,"8,647.80","9,045.90","8,054.70",1.04M,-4.35%
886,29-May-19,8647.8,"8,715.60","8,747.20","8,435.30",15.43M,-0.79%
887,28-May-19,8716.3,"8,759.40","8,794.10","8,568.80",763.20K,-0.50%
888,27-May-19,8760.1,"8,628.90","8,902.80","8,607.30",907.96K,1.51%
889,26-May-19,8630.2,"8,029.60","8,718.60","7,866.50",872.12K,7.51%
890,25-May-19,8027.4,"7,971.40","8,090.10","7,919.10",691.27K,0.72%
891,24-May-19,7970.1,"7,852.80","8,124.10","7,775.40",868.47K,1.50%
892,23-May-19,7852.1,"7,637.20","7,939.10","7,486.80",815.14K,2.83%
893,22-May-19,7635.7,"7,928.70","7,999.00","7,545.90",821.40K,-3.72%
894,21-May-19,7930.3,"7,965.00","8,056.80","7,813.20",804.88K,-0.44%
895,20-May-19,7965.3,"8,156.40","8,156.40","7,604.00",958.81K,-2.35%
896,19-May-19,8157.2,"7,261.90","8,253.40","7,252.30",1.08M,12.32%
897,18-May-19,7262.6,"7,359.90","7,458.50","7,189.40",865.53K,-1.32%
898,17-May-19,7359.5,"7,871.90","7,924.00","6,998.60",1.43M,-6.51%
899,16-May-19,7871.8,"8,164.80","8,293.30","7,720.40",1.18M,-3.59%
900,15-May-19,8164.6,"7,994.80","8,225.30","7,856.50",1.13M,2.13%
901,14-May-19,7994.6,"7,806.40","8,323.90","7,674.00",1.33M,2.42%
902,13-May-19,7806,"6,984.70","8,058.30","6,893.10",1.20M,11.76%
903,12-May-19,6984.8,"7,190.00","7,518.90","6,802.60",1.35M,-2.86%
904,11-May-19,7190.3,"6,386.60","7,373.80","6,386.50",1.31M,12.59%
905,10-May-19,6386,"6,194.30","6,466.60","6,157.80",907.94K,3.14%
906,9-May-19,6191.5,"5,990.50","6,206.00","5,990.00",799.96K,3.36%
907,8-May-19,5990.3,"5,849.40","6,011.30","5,799.10",757.13K,2.41%
908,7-May-19,5849.5,"5,745.50","6,019.80","5,745.50",955.88K,1.82%
909,6-May-19,5745.1,"5,775.10","5,801.40","5,630.50",755.39K,-0.52%
910,5-May-19,5774.9,"5,830.80","5,838.20","5,708.20",709.02K,-0.96%
911,4-May-19,5830.9,"5,768.00","5,899.20","5,605.00",920.61K,1.11%
912,3-May-19,5766.8,"5,493.60","5,844.20","5,478.70",1.04M,4.97%
913,2-May-19,5493.8,"5,384.60","5,530.80","5,370.00",722.23K,2.04%
914,1-May-19,5384.2,"5,321.10","5,396.30","5,319.50",623.64K,1.19%
915,30-Apr-19,5320.8,"5,235.40","5,336.60","5,195.90",697.42K,1.64%
916,29-Apr-19,5235,"5,302.40","5,322.90","5,188.90",775.82K,-1.27%
917,28-Apr-19,5302.3,"5,265.70","5,332.50","5,234.40",681.41K,0.69%
918,27-Apr-19,5265.9,"5,298.20","5,318.10","5,225.40",833.13K,-0.61%
919,26-Apr-19,5298.3,"5,209.20","5,469.30","5,159.30",1.03M,1.71%
920,25-Apr-19,5209.1,"5,415.60","5,528.20","5,137.40",955.36K,-3.81%
921,24-Apr-19,5415.6,"5,511.20","5,589.60","5,346.80",994.04K,-1.74%
922,23-Apr-19,5511.6,"5,346.50","5,594.40","5,291.40",900.00K,3.08%
923,22-Apr-19,5346.7,"5,248.20","5,370.20","5,170.20",920.77K,1.97%
924,21-Apr-19,5243.5,"5,290.20","5,308.20","5,189.80",811.41K,-0.88%
925,20-Apr-19,5290.2,"5,241.00","5,327.00","5,240.20",782.32K,0.94%
926,19-Apr-19,5241,"5,264.80","5,282.40","5,192.10",787.09K,-0.45%
927,18-Apr-19,5264.7,"5,208.30","5,293.10","5,205.00",727.97K,1.08%
928,17-Apr-19,5208.3,"5,182.10","5,230.90","5,165.50",806.52K,0.53%
929,16-Apr-19,5180.9,"5,031.40","5,198.40","5,014.40",631.05K,2.95%
930,15-Apr-19,5032.3,"5,135.10","5,168.00","4,964.20",688.20K,-2.00%
931,14-Apr-19,5134.8,"5,052.00","5,153.50","5,010.70",566.38K,1.64%
932,13-Apr-19,5051.8,"5,054.20","5,093.40","5,011.60",577.16K,-0.05%
933,12-Apr-19,5054.2,"5,022.70","5,080.50","4,889.20",779.14K,0.63%
934,11-Apr-19,5022.6,"5,307.70","5,337.00","4,948.00",943.49K,-5.37%
935,10-Apr-19,5307.8,"5,158.40","5,404.10","5,142.90",837.51K,2.89%
936,9-Apr-19,5158.4,"5,245.00","5,245.90","5,095.20",784.62K,-1.65%
937,8-Apr-19,5245.2,"5,173.50","5,300.60","5,060.50",928.23K,1.38%
938,7-Apr-19,5173.6,"5,046.10","5,219.50","5,033.70",841.27K,2.53%
939,6-Apr-19,5046.2,"5,010.00","5,198.40","4,947.90",952.18K,0.72%
940,5-Apr-19,5010.2,"4,902.50","5,029.40","4,888.30",851.72K,2.20%
941,4-Apr-19,4902.4,"4,968.70","5,042.50","4,789.20",1.05M,-1.33%
942,3-Apr-19,4968.7,"4,859.30","5,278.40","4,814.00",13.83M,2.25%
943,2-Apr-19,4859.3,"4,145.10","4,899.60","4,143.50",14.77M,17.23%
944,1-Apr-19,4145.1,"4,102.30","4,159.10","4,076.80",3.22M,1.04%
945,31-Mar-19,4102.3,"4,111.80","4,121.90","4,082.20",2.43M,-0.23%
946,30-Mar-19,4111.8,"4,103.70","4,138.10","4,057.10",2.55M,0.23%
947,29-Mar-19,4102.2,"4,025.70","4,123.10","4,022.60",3.30M,1.90%
948,28-Mar-19,4025.6,"4,041.70","4,041.70","4,008.40",2.11M,-0.40%
949,27-Mar-19,4041.7,"3,942.80","4,043.30","3,936.20",2.78M,2.51%
950,26-Mar-19,3942.8,"3,937.10","3,950.70","3,899.90",2.53M,0.15%
951,25-Mar-19,3937,"3,994.80","4,000.50","3,897.90",2.86M,-1.44%
952,24-Mar-19,3994.7,"4,002.60","4,005.70","3,967.00",2.04M,-0.20%
953,23-Mar-19,4002.5,"3,990.40","4,018.20","3,980.80",2.00M,0.30%
954,22-Mar-19,3990.4,"3,982.20","4,005.70","3,971.80",2.83M,0.21%
955,21-Mar-19,3982.2,"4,041.20","4,064.00","3,923.80",3.88M,-1.46%
956,20-Mar-19,4041.2,"4,017.00","4,050.00","3,985.30",3.18M,0.60%
957,19-Mar-19,4017,"3,990.20","4,029.90","3,972.40",2.99M,0.67%
958,18-Mar-19,3990.2,"3,981.50","4,032.30","3,958.50",2.62M,0.22%
959,17-Mar-19,3981.5,"4,006.40","4,009.80","3,956.30",1.87M,-0.62%
960,16-Mar-19,4006.4,"3,924.40","4,050.60","3,923.70",3.46M,2.09%
961,15-Mar-19,3924.3,"3,879.00","3,935.70","3,874.80",3.11M,1.17%
962,14-Mar-19,3879,"3,865.10","3,914.70","3,828.40",2.86M,0.36%
963,13-Mar-19,3865.1,"3,885.90","3,894.70","3,847.40",2.28M,-0.54%
964,12-Mar-19,3886,"3,870.30","3,900.10","3,817.10",2.90M,0.41%
965,11-Mar-19,3870.3,"3,915.20","3,935.50","3,842.40",3.19M,-1.15%
966,10-Mar-19,3915.2,"3,944.40","3,944.50","3,889.20",1.89M,-0.74%
967,9-Mar-19,3944.3,"3,865.60","3,964.00","3,859.70",2.48M,2.03%
968,8-Mar-19,3865.9,"3,875.10","3,929.00","3,810.70",2.96M,-0.24%
969,7-Mar-19,3875.1,"3,863.10","3,907.40","3,847.90",2.60M,0.32%
970,6-Mar-19,3863,"3,857.20","3,887.30","3,816.70",2.52M,0.15%
971,5-Mar-19,3857.2,"3,715.90","3,873.20","3,705.70",3.82M,3.80%
972,4-Mar-19,3715.9,"3,809.70","3,828.40","3,681.80",2.85M,-2.45%
973,3-Mar-19,3809.5,"3,823.20","3,836.60","3,789.70",1.51M,-0.36%
974,2-Mar-19,3823.1,"3,821.90","3,843.20","3,783.60",1.61M,0.03%
975,1-Mar-19,3821.9,"3,816.70","3,855.80","3,816.40",1.74M,0.14%
976,28-Feb-19,3816.6,"3,814.60","3,883.70","3,783.30",2.31M,0.05%
977,27-Feb-19,3814.6,"3,810.30","3,836.40","3,701.90",2.82M,0.11%
978,26-Feb-19,3810.3,"3,833.50","3,845.50","3,775.00",2.09M,-0.61%
979,25-Feb-19,3833.7,"3,755.70","3,870.70","3,753.80",765.87K,2.09%
980,24-Feb-19,3755.2,"4,120.50","4,194.20","3,738.70",977.78K,-8.86%
981,23-Feb-19,4120.4,"3,965.20","4,152.60","3,939.40",727.85K,3.91%
982,22-Feb-19,3965.2,"3,937.40","3,983.10","3,931.70",649.55K,0.73%
983,21-Feb-19,3936.6,"3,972.00","4,011.50","3,909.20",668.16K,-0.90%
984,20-Feb-19,3972.4,"3,914.30","3,983.60","3,881.20",698.01K,1.48%
985,19-Feb-19,3914.3,"3,896.40","3,993.80","3,863.70",1.44M,0.47%
986,18-Feb-19,3896,"3,664.20","3,903.70","3,655.10",933.15K,6.33%
987,17-Feb-19,3664.2,"3,616.80","3,689.90","3,607.90",580.51K,1.31%
988,16-Feb-19,3616.8,"3,604.70","3,641.90","3,599.70",485.63K,0.34%
989,15-Feb-19,3604.7,"3,592.60","3,648.30","3,581.40",516.21K,0.34%
990,14-Feb-19,3592.6,"3,611.50","3,624.50","3,580.20",498.14K,-0.52%
991,13-Feb-19,3611.5,"3,632.00","3,663.50","3,599.20",558.02K,-0.56%
992,12-Feb-19,3632,"3,631.80","3,656.40","3,594.40",545.82K,0.01%
993,11-Feb-19,3631.8,"3,678.80","3,681.10","3,623.80",517.28K,-1.28%
994,10-Feb-19,3679,"3,661.00","3,680.60","3,617.10",501.90K,0.48%
995,9-Feb-19,3661.4,"3,661.60","3,675.30","3,633.20",454.80K,-0.01%
996,8-Feb-19,3661.7,"3,397.30","3,721.10","3,382.50",699.23K,7.77%
997,7-Feb-19,3397.7,"3,404.90","3,421.80","3,390.30",471.36K,-0.20%
998,6-Feb-19,3404.3,"3,468.50","3,478.00","3,383.90",514.21K,-1.85%
999,5-Feb-19,3468.4,"3,463.00","3,485.90","3,450.30",460.95K,0.16%
1000,4-Feb-19,3462.8,"3,459.00","3,479.70","3,437.10",503.92K,0.11%
1001,3-Feb-19,3459.1,"3,502.30","3,507.80","3,431.30",451.66K,-1.24%
1002,2-Feb-19,3502.5,"3,467.90","3,514.50","3,447.80",443.60K,1.00%
1003,1-Feb-19,3467.9,"3,437.70","3,485.70","3,415.30",481.58K,0.90%
1004,31-Jan-19,3437.2,"3,460.00","3,484.70","3,427.00",477.07K,-0.66%
1005,30-Jan-19,3460,"3,414.60","3,479.00","3,394.20",600.25K,1.32%
1006,29-Jan-19,3414.8,"3,442.80","3,450.10","3,368.20",585.46K,-0.81%
1007,28-Jan-19,3442.8,"3,555.80","3,561.20","3,395.70",620.85K,-3.17%
1008,27-Jan-19,3555.6,"3,570.90","3,583.20","3,509.20",464.02K,-0.43%
1009,26-Jan-19,3570.9,"3,572.00","3,652.50","3,556.10",432.55K,-0.03%
1010,25-Jan-19,3572,"3,574.30","3,582.60","3,542.20",448.89K,-0.06%
1011,24-Jan-19,3574.3,"3,561.40","3,587.00","3,539.70",428.60K,0.36%
1012,23-Jan-19,3561.5,"3,580.10","3,608.30","3,532.80",445.87K,-0.52%
1013,22-Jan-19,3580.1,"3,536.90","3,607.90","3,465.20",447.70K,1.23%
1014,21-Jan-19,3536.7,"3,542.70","3,561.40","3,505.40",394.17K,-0.16%
1015,20-Jan-19,3542.3,"3,676.20","3,699.10","3,503.90",563.31K,-3.68%
1016,19-Jan-19,3677.8,"3,605.80","3,715.20","3,604.10",537.06K,2.00%
1017,18-Jan-19,3605.6,"3,626.30","3,627.90","3,575.70",488.16K,-0.57%
1018,17-Jan-19,3626.4,"3,588.10","3,636.70","3,554.80",525.10K,1.07%
1019,16-Jan-19,3588,"3,570.60","3,644.10","3,561.40",487.34K,0.47%
1020,15-Jan-19,3571.3,"3,637.50","3,660.80","3,545.70",544.85K,-1.84%
1021,14-Jan-19,3638.1,"3,490.40","3,672.00","3,490.40",539.93K,4.24%
1022,13-Jan-19,3490.2,"3,597.30","3,617.60","3,473.20",452.79K,-2.98%
1023,12-Jan-19,3597.2,"3,616.60","3,633.90","3,561.30",435.06K,-0.53%
1024,11-Jan-19,3616.5,"3,603.30","3,655.70","3,563.10",551.64K,0.35%
1025,10-Jan-19,3603.7,"3,978.90","4,007.70","3,562.10",697.31K,-9.41%
1026,9-Jan-19,3978,"3,971.00","4,014.20","3,957.50",473.42K,0.17%
1027,8-Jan-19,3971,"3,985.80","4,070.50","3,943.10",514.08K,-0.37%
1028,7-Jan-19,3985.9,"4,004.30","4,028.00","3,945.50",500.88K,-0.45%
1029,6-Jan-19,4004.1,"3,785.70","4,034.10","3,758.50",529.89K,5.78%
1030,5-Jan-19,3785.4,"3,802.80","3,846.70","3,769.00",468.45K,-0.46%
1031,4-Jan-19,3802.7,"3,780.50","3,823.90","3,720.00",488.70K,0.60%
1032,3-Jan-19,3780.1,"3,874.10","3,875.80","3,753.00",450.32K,-2.42%
1033,2-Jan-19,3873.8,"3,809.70","3,894.80","3,768.10",554.47K,1.69%
1034,1-Jan-19,3809.4,"3,709.50","3,814.30","3,664.40",469.11K,2.69%
1035,31-Dec-18,3709.4,"3,815.10","3,819.60","3,658.80",545.83K,-2.77%
1036,30-Dec-18,3815,"3,708.20","3,837.70","3,682.50",519.17K,2.92%
1037,29-Dec-18,3706.8,"3,861.60","3,899.60","3,696.00",505.41K,-4.01%
1038,28-Dec-18,3861.6,"3,587.10","3,900.30","3,565.50",565.24K,7.66%
1039,27-Dec-18,3586.9,"3,793.40","3,822.60","3,560.80",543.44K,-5.45%
1040,26-Dec-18,3793.7,"3,762.80","3,841.90","3,680.30",567.11K,0.83%
1041,25-Dec-18,3762.5,"4,025.60","4,030.70","3,676.50",670.94K,-6.55%
1042,24-Dec-18,4026.1,"3,944.50","4,208.20","3,941.90",716.29K,2.07%
1043,23-Dec-18,3944.4,"3,964.30","4,037.10","3,904.60",572.21K,-0.50%
1044,22-Dec-18,3964.4,"3,850.90","3,977.20","3,803.70",554.59K,2.95%
1045,21-Dec-18,3850.9,"4,075.20","4,153.10","3,786.90",748.76K,-5.52%
1046,20-Dec-18,4076,"3,687.20","4,140.30","3,665.80",958.58K,10.55%
1047,19-Dec-18,3687.1,"3,668.10","3,924.70","3,647.50",792.40K,0.52%
1048,18-Dec-18,3668,"3,526.00","3,683.10","3,456.90",698.53K,4.02%
1049,17-Dec-18,3526.1,"3,248.30","3,597.40","3,243.10",534.78K,8.57%
1050,16-Dec-18,3247.9,"3,228.60","3,305.00","3,225.90",335.69K,0.60%
1051,15-Dec-18,3228.7,"3,247.80","3,282.30","3,177.00",332.95K,-0.59%
1052,14-Dec-18,3247.8,"3,315.40","3,336.60","3,199.10",445.56K,-2.04%
1053,13-Dec-18,3315.3,"3,466.20","3,474.40","3,284.80",435.89K,-4.35%
1054,12-Dec-18,3466.1,"3,390.20","3,510.20","3,379.40",391.17K,1.72%
1055,11-Dec-18,3407.7,"3,460.40","3,485.90","3,349.90",418.53K,-1.53%
1056,10-Dec-18,3460.5,"3,566.90","3,622.40","3,412.70",394.49K,-3.00%
1057,9-Dec-18,3567.5,"3,430.30","3,677.60","3,424.20",327.93K,4.00%
1058,8-Dec-18,3430.4,"3,422.30","3,507.70","3,302.90",424.40K,0.24%
1059,7-Dec-18,3422.2,"3,508.90","3,626.60","3,251.80",639.33K,-2.46%
1060,6-Dec-18,3508.6,"3,771.40","3,887.20","3,505.70",467.54K,-6.97%
1061,5-Dec-18,3771.6,"3,958.10","3,974.10","3,765.20",341.60K,-4.72%
1062,4-Dec-18,3958.5,"3,899.90","4,082.90","3,809.30",326.71K,1.56%
1063,3-Dec-18,3897.8,"4,160.30","4,177.00","3,839.90",355.10K,-6.31%
1064,2-Dec-18,4160.4,"4,196.20","4,316.10","4,105.30",298.63K,-0.85%
1065,1-Dec-18,4196.2,"4,038.70","4,299.10","3,967.10",316.30K,3.87%
1066,30-Nov-18,4039.7,"4,296.80","4,340.60","3,954.50",444.52K,-5.98%
1067,29-Nov-18,4296.5,"4,265.50","4,440.10","4,140.60",414.46K,0.73%
1068,28-Nov-18,4265.4,"3,866.40","4,391.80","3,866.40",533.04K,10.32%
1069,27-Nov-18,3866.5,"3,840.30","3,920.60","3,687.80",457.27K,0.77%
1070,26-Nov-18,3837,"4,061.00","4,179.00","3,679.80",571.04K,-5.54%
1071,25-Nov-18,4062.2,"3,920.30","4,198.40","3,634.20",619.95K,3.62%
1072,24-Nov-18,3920.4,"4,397.30","4,494.60","3,821.50",382.72K,-10.86%
1073,23-Nov-18,4398,"4,360.90","4,455.60","4,223.70",348.99K,0.96%
1074,22-Nov-18,4356,"4,646.40","4,695.70","4,346.70",261.85K,-6.09%
1075,21-Nov-18,4638.7,"4,523.00","4,743.70","4,393.00",412.74K,2.52%
1076,20-Nov-18,4524.6,"4,883.60","5,013.40","4,272.30",714.08K,-7.36%
1077,19-Nov-18,4883.8,"5,660.40","5,662.50","4,831.10",478.26K,-13.69%
1078,18-Nov-18,5658.3,"5,621.00","5,727.90","5,615.50",158.68K,0.65%
1079,17-Nov-18,5621.8,"5,636.20","5,645.50","5,561.40",156.51K,-0.26%
1080,16-Nov-18,5636.2,"5,723.50","5,747.70","5,539.70",224.12K,-1.45%
1081,15-Nov-18,5718.9,"5,854.00","5,878.50","5,384.10",375.86K,-2.11%
1082,14-Nov-18,5842.4,"6,428.90","6,453.30","5,619.20",438.21K,-9.13%
1083,13-Nov-18,6429.2,"6,435.00","6,466.80","6,386.70",137.60K,-0.09%
1084,12-Nov-18,6435,"6,445.00","6,475.90","6,409.40",130.16K,-0.17%
1085,11-Nov-18,6446.1,"6,427.10","6,451.70","6,359.00",127.40K,0.30%
1086,10-Nov-18,6427.1,"6,411.90","6,461.70","6,411.70",115.87K,0.24%
1087,9-Nov-18,6412,"6,473.80","6,496.10","6,390.00",151.60K,-0.96%
1088,8-Nov-18,6474,"6,565.30","6,577.30","6,466.30",159.30K,-1.39%
1089,7-Nov-18,6565.3,"6,503.10","6,594.30","6,502.00",170.76K,0.96%
1090,6-Nov-18,6502.8,"6,460.40","6,509.60","6,441.60",154.87K,0.67%
1091,5-Nov-18,6459.7,"6,478.20","6,489.20","6,431.70",128.51K,-0.29%
1092,4-Nov-18,6478.2,"6,386.20","6,508.90","6,359.70",128.76K,1.44%
1093,3-Nov-18,6386.2,"6,424.50","6,429.50","6,346.20",112.84K,-0.60%
1094,2-Nov-18,6424.7,"6,400.50","6,444.30","6,390.90",135.87K,0.38%
1095,1-Nov-18,6400.5,"6,365.90","6,421.80","6,354.20",124.16K,0.54%
1096,31-Oct-18,6365.9,"6,327.90","6,405.70","6,257.80",129.06K,0.64%
1097,30-Oct-18,6325.7,"6,336.70","6,469.90","6,316.50",128.21K,-0.15%
1098,29-Oct-18,6335,"6,486.10","6,498.40","6,310.50",160.52K,-2.33%
1099,28-Oct-18,6486.1,"6,494.60","6,502.20","6,461.20",93.97K,-0.12%
1100,27-Oct-18,6494.2,"6,510.00","6,534.00","6,473.70",76.72K,-0.24%
1101,26-Oct-18,6510,"6,507.00","6,570.50","6,498.50",97.17K,0.05%
1102,25-Oct-18,6507,"6,532.50","6,544.80","6,491.50",97.43K,-0.36%
1103,24-Oct-18,6530.7,"6,531.20","6,593.80","6,522.60",98.74K,0.03%
1104,23-Oct-18,6528.7,"6,558.60","6,573.60","6,500.50",108.86K,-0.41%
1105,22-Oct-18,6555.8,"6,583.00","6,612.70","6,529.50",101.57K,-0.41%
1106,21-Oct-18,6583,"6,575.90","6,643.10","6,568.00",92.94K,0.16%
1107,20-Oct-18,6572.2,"6,511.70","6,593.70","6,495.90",97.77K,0.92%
1108,19-Oct-18,6512,"6,576.40","6,603.20","6,506.90",121.44K,-0.94%
1109,18-Oct-18,6574.1,"6,690.10","6,736.30","6,530.60",134.15K,-1.68%
1110,17-Oct-18,6686.6,"6,718.90","6,745.90","6,637.80",136.71K,-0.28%
1111,16-Oct-18,6705.3,"6,712.40","6,836.70","6,645.40",155.85K,0.08%
1112,15-Oct-18,6699.8,"6,326.80","7,358.40","6,300.20",443.33K,5.90%
1113,14-Oct-18,6326.8,"6,321.60","6,390.90","6,300.00",99.38K,0.08%
1114,13-Oct-18,6321.7,"6,291.30","6,329.30","6,282.80",94.45K,0.48%
1115,12-Oct-18,6291.3,"6,239.20","6,344.80","6,206.80",147.40K,0.84%
1116,11-Oct-18,6239.1,"6,618.00","6,622.50","6,206.20",245.28K,-5.72%
1117,10-Oct-18,6618,"6,650.60","6,653.50","6,526.00",101.93K,-0.49%
1118,9-Oct-18,6650.8,"6,669.60","6,678.90","6,613.30",80.79K,-0.28%
1119,8-Oct-18,6669.6,"6,611.00","6,699.50","6,589.90",119.68K,0.89%
1120,7-Oct-18,6611,"6,596.30","6,633.90","6,523.80",77.06K,0.22%
1121,6-Oct-18,6596.3,"6,639.10","6,661.50","6,550.40",9.18M,-0.65%
1122,5-Oct-18,6639.1,"6,584.20","6,682.30","6,537.60",9.34M,0.83%
1123,4-Oct-18,6584.2,"6,509.20","6,653.00","6,487.80",9.31M,1.17%
1124,3-Oct-18,6507.8,"6,549.90","6,563.50","6,429.60",9.21M,-0.64%
1125,2-Oct-18,6549.9,"6,608.20","6,645.70","6,034.90",9.34M,-0.88%
1126,1-Oct-18,6608.2,"6,635.20","6,674.70","6,072.70",9.19M,-0.41%
1127,30-Sep-18,6635.2,"6,603.90","6,673.90","6,533.50",9.34M,0.47%
1128,29-Sep-18,6603.9,"6,633.90","6,648.40","6,464.40",9.42M,-0.48%
1129,28-Sep-18,6636,"6,685.70","6,809.20","6,538.60",9.57M,-0.79%
1130,27-Sep-18,6689.2,"6,463.70","6,738.30","6,428.80",9.34M,3.42%
1131,26-Sep-18,6468.1,"6,443.00","6,551.90","6,384.10",8.64M,0.36%
1132,25-Sep-18,6445.1,"6,590.60","6,590.60","5,977.00",7.34M,-2.11%
1133,24-Sep-18,6584.1,"6,713.30","6,728.10","6,559.10",7.57M,-1.79%
1134,23-Sep-18,6704.1,"6,729.60","6,789.40","6,666.40",7.34M,-0.38%
1135,22-Sep-18,6729.6,"6,766.70","6,833.30","6,635.50",7.31M,-0.55%
1136,21-Sep-18,6766.7,"6,490.90","6,780.50","6,489.80",7.73M,4.28%
1137,20-Sep-18,6489.2,"6,390.40","6,537.50","6,346.40",5.18M,1.55%
1138,19-Sep-18,6390.4,"6,342.00","6,478.70","6,144.50",3.54M,0.76%
1139,18-Sep-18,6342,"6,251.90","6,388.80","6,228.80",2.82M,1.44%
1140,17-Sep-18,6251.9,"6,500.20","6,533.50","6,215.90",3.26M,-3.82%
1141,16-Sep-18,6500.2,"6,519.00","6,520.80","6,406.20",3.34M,-0.29%
1142,15-Sep-18,6519,"6,482.60","6,562.90","6,470.30",3.16M,0.54%
1143,14-Sep-18,6483.7,"6,482.90","6,579.40","6,412.10",3.20M,0.01%
1144,13-Sep-18,6482.9,"6,338.00","6,867.30","6,337.80",3.53M,2.29%
1145,12-Sep-18,6338,"6,293.90","6,353.50","6,204.50",3.04M,0.70%
1146,11-Sep-18,6293.9,"6,320.70","6,391.80","6,189.60",3.30M,-0.43%
1147,10-Sep-18,6321,"6,238.50","6,358.50","6,237.30",3.11M,1.32%
1148,9-Sep-18,6238.5,"6,184.30","6,432.60","6,148.80",2.84M,0.88%
1149,8-Sep-18,6184.3,"6,390.90","6,484.30","6,132.30",3.46M,-3.23%
1150,7-Sep-18,6390.9,"6,514.10","6,540.60","6,316.20",3.30M,-1.89%
1151,6-Sep-18,6514,"6,706.80","6,732.90","6,337.80",4.02M,-2.87%
1152,5-Sep-18,6706.8,"7,377.50","7,407.50","6,691.80",4.55M,-9.09%
1153,4-Sep-18,7377.5,"7,264.20","7,409.90","7,234.50",3.92M,1.56%
1154,3-Sep-18,7264.2,"7,289.80","7,330.70","7,182.80",3.87M,-0.41%
1155,2-Sep-18,7293.9,"7,189.60","7,334.80","7,117.30",3.90M,1.45%
1156,1-Sep-18,7189.6,"7,032.40","7,264.30","7,020.40",3.52M,2.21%
1157,31-Aug-18,7033.8,"6,993.70","7,080.20","6,698.00",4.21M,0.57%
1158,30-Aug-18,6993.7,"7,029.20","7,050.20","6,798.00",3.74M,-0.50%
1159,29-Aug-18,7029.1,"7,074.60","7,121.40","6,926.70",4.11M,-0.64%
1160,28-Aug-18,7074.6,"6,897.60","7,129.70","6,861.20",3.79M,2.57%
1161,27-Aug-18,6897.6,"6,712.70","6,902.90","6,650.40",3.26M,2.75%
1162,26-Aug-18,6712.7,"6,734.90","6,892.70","6,573.10",3.37M,-0.33%
1163,25-Aug-18,6734.8,"6,680.60","6,783.40","6,655.30",3.59M,0.81%
1164,24-Aug-18,6680.4,"6,521.20","6,721.20","6,472.80",3.70M,2.44%
1165,23-Aug-18,6521.2,"6,359.90","6,550.20","6,359.20",2.76M,2.54%
1166,22-Aug-18,6359.6,"6,482.20","6,840.80","6,304.80",3.63M,-1.89%
1167,21-Aug-18,6482.2,"6,268.10","6,484.10","6,257.40",1.46M,3.41%
1168,20-Aug-18,6268.1,"6,474.20","6,516.40","6,255.90",3.10M,-3.29%
1169,19-Aug-18,6481.5,"6,379.10","6,534.80","6,316.00",2.71M,1.61%
1170,18-Aug-18,6379.1,"6,581.80","6,626.40","6,295.50",3.15M,-3.08%
1171,17-Aug-18,6581.7,"6,306.70","6,581.70","6,291.80",3.20M,4.36%
1172,16-Aug-18,6306.7,"6,256.90","6,470.90","6,249.80",3.50M,0.80%
1173,15-Aug-18,6256.9,"6,190.20","6,592.80","6,177.90",3.74M,1.08%
1174,14-Aug-18,6190.2,"6,255.30","6,255.30","5,898.30",3.66M,-1.04%
1175,13-Aug-18,6255.3,"6,313.00","6,524.10","6,159.60",234.09K,-0.91%
1176,12-Aug-18,6313,"6,232.10","6,453.00","6,169.80",216.33K,1.31%
1177,11-Aug-18,6231.6,"6,152.80","6,469.60","6,009.80",247.34K,1.29%
1178,10-Aug-18,6152.3,"6,539.50","6,570.20","6,043.40",298.82K,-5.91%
1179,9-Aug-18,6538.8,"6,283.70","6,620.20","6,197.00",237.66K,4.06%
1180,8-Aug-18,6283.6,"6,725.20","6,725.20","6,138.80",311.54K,-6.56%
1181,7-Aug-18,6724.9,"6,943.60","7,149.70","6,689.90",232.48K,-3.15%
1182,6-Aug-18,6943.6,"7,027.80","7,143.60","6,852.50",168.87K,-1.19%
1183,5-Aug-18,7027.1,"7,014.00","7,087.60","6,887.90",177.64K,0.18%
1184,4-Aug-18,7014.3,"7,418.90","7,484.20","6,949.70",222.57K,-5.46%
1185,3-Aug-18,7419,"7,535.60","7,535.60","7,293.50",226.46K,-1.55%
1186,2-Aug-18,7535.6,"7,606.40","7,701.40","7,470.60",216.34K,-0.93%
1187,1-Aug-18,7606.4,"7,728.50","7,753.20","7,449.20",237.69K,-1.59%
1188,31-Jul-18,7729.4,"8,176.40","8,176.50","7,649.80",266.94K,-5.48%
1189,30-Jul-18,8177.1,"8,214.70","8,262.00","7,874.40",242.21K,-0.47%
1190,29-Jul-18,8215.6,"8,231.50","8,275.40","8,113.30",155.24K,-0.22%
1191,28-Jul-18,8234.1,"8,186.80","8,234.10","8,077.40",147.14K,0.57%
1192,27-Jul-18,8187.4,"7,936.90","8,273.80","7,808.30",243.22K,3.15%
1193,26-Jul-18,7937,"8,173.90","8,304.30","7,861.00",235.45K,-2.90%
1194,25-Jul-18,8173.7,"8,404.90","8,484.60","8,062.10",269.23K,-2.78%
1195,24-Jul-18,8407,"7,723.10","8,479.80","7,701.90",345.32K,8.86%
1196,23-Jul-18,7723,"7,412.40","7,809.60","7,379.20",272.15K,4.19%
1197,22-Jul-18,7412.3,"7,409.00","7,575.30","7,343.70",204.16K,0.05%
1198,21-Jul-18,7408.7,"7,339.30","7,460.80","7,223.50",160.77K,0.95%
1199,20-Jul-18,7339.4,"7,477.60","7,683.60","7,292.00",258.85K,-1.85%
1200,19-Jul-18,7477.5,"7,383.90","7,558.40","7,288.80",247.25K,1.27%
1201,18-Jul-18,7383.6,"7,321.60","7,581.20","7,249.30",333.32K,0.84%
1202,17-Jul-18,7322,"6,729.80","7,453.20","6,666.00",337.75K,8.80%
1203,16-Jul-18,6729.9,"6,362.80","6,749.20","6,344.10",312.12K,5.77%
1204,15-Jul-18,6362.9,"6,254.80","6,399.60","6,238.50",180.67K,1.73%
1205,14-Jul-18,6254.8,"6,229.50","6,313.50","6,192.50",243.71K,0.40%
1206,13-Jul-18,6230.2,"6,250.80","6,333.80","6,144.50",233.22K,-0.33%
1207,12-Jul-18,6250.6,"6,389.10","6,389.40","6,088.80",289.24K,-2.17%
1208,11-Jul-18,6389.1,"6,307.20","6,409.70","6,296.60",243.82K,1.30%
1209,10-Jul-18,6307.2,"6,668.40","6,686.80","6,291.50",315.27K,-5.40%
1210,9-Jul-18,6667.1,"6,715.10","6,793.80","6,637.70",289.48K,-0.71%
1211,8-Jul-18,6714.8,"6,765.40","6,784.00","6,694.30",267.60K,-0.75%
1212,7-Jul-18,6765.5,"6,617.70","6,805.90","6,531.10",114.57K,2.23%
1213,6-Jul-18,6617.7,"6,546.50","6,638.20","6,458.30",132.69K,1.09%
1214,5-Jul-18,6546.5,"6,598.00","6,693.60","6,466.10",166.18K,-0.79%
1215,4-Jul-18,6598.4,"6,513.80","6,774.50","6,442.30",143.04K,1.30%
1216,3-Jul-18,6513.5,"6,618.60","6,676.60","6,513.50",150.19K,-1.60%
1217,2-Jul-18,6619.5,"6,349.10","6,680.00","6,275.00",179.92K,3.97%
1218,1-Jul-18,6366.8,"6,398.50","6,445.10","6,284.70",128.51K,-0.50%
1219,30-Jun-18,6398.9,"6,213.40","6,498.50","6,204.00",189.33K,2.99%
1220,29-Jun-18,6213.3,"5,883.20","6,284.90","5,818.50",206.96K,5.61%
1221,28-Jun-18,5883.5,"6,154.90","6,178.40","5,854.00",156.05K,-4.41%
1222,27-Jun-18,6154.9,"6,081.10","6,187.30","6,025.40",133.42K,1.20%
1223,26-Jun-18,6082.1,"6,256.90","6,267.70","6,060.00",176.66K,-2.79%
1224,25-Jun-18,6256.6,"6,155.10","6,331.20","6,101.70",210.69K,1.66%
1225,24-Jun-18,6154.6,"6,167.90","6,248.30","5,785.30",240.60K,-0.21%
1226,23-Jun-18,6167.3,"6,055.20","6,259.00","6,032.80",142.90K,1.84%
1227,22-Jun-18,6055.7,"6,728.20","6,739.70","5,955.00",278.22K,-9.99%
1228,21-Jun-18,6728,"6,765.80","6,797.50","6,695.10",99.29K,-0.55%
1229,20-Jun-18,6765.4,"6,752.30","6,812.70","6,575.10",121.48K,0.19%
1230,19-Jun-18,6752.4,"6,719.80","6,839.50","6,681.50",120.54K,0.49%
1231,18-Jun-18,6719.8,"6,460.50","6,794.50","6,410.90",135.70K,4.02%
1232,17-Jun-18,6460.3,"6,505.80","6,593.00","6,452.10",90.67K,-0.70%
1233,16-Jun-18,6505.8,"6,410.00","6,564.20","6,358.00",108.79K,1.49%
1234,15-Jun-18,6410.3,"6,647.30","6,655.80","6,395.70",143.53K,-3.56%
1235,14-Jun-18,6647.1,"6,312.30","6,711.50","6,283.60",201.54K,5.30%
1236,13-Jun-18,6312.3,"6,558.50","6,624.60","6,129.10",237.48K,-3.75%
1237,12-Jun-18,6558.2,"6,885.90","6,887.20","6,476.00",178.26K,-4.76%
1238,11-Jun-18,6885.9,"6,775.20","6,910.80","6,657.20",174.88K,1.64%
1239,10-Jun-18,6775.1,"7,515.80","7,516.30","6,668.10",275.69K,-9.85%
1240,9-Jun-18,7515.8,"7,622.10","7,689.00","7,493.30",97.56K,-1.40%
1241,8-Jun-18,7622.1,"7,697.90","7,710.50","7,556.90",112.88K,-0.98%
1242,7-Jun-18,7697.8,"7,661.00","7,754.70","7,657.70",124.00K,0.48%
1243,6-Jun-18,7661,"7,631.50","7,699.10","7,504.40",130.66K,0.39%
1244,5-Jun-18,7631.5,"7,507.40","7,672.60","7,391.00",145.23K,1.69%
1245,4-Jun-18,7504.3,"7,729.30","7,759.90","7,468.40",141.01K,-2.91%
1246,3-Jun-18,7729.3,"7,646.60","7,775.00","7,611.30",116.68K,1.08%
1247,2-Jun-18,7646.6,"7,530.80","7,694.50","7,467.90",121.18K,1.54%
1248,1-Jun-18,7530.8,"7,502.50","7,610.40","7,375.80",135.92K,0.38%
1249,31-May-18,7502.6,"7,400.80","7,611.90","7,355.00",144.52K,1.39%
1250,30-May-18,7400.1,"7,469.20","7,565.20","7,306.80",140.37K,-0.91%
1251,29-May-18,7467.7,"7,119.30","7,533.00","7,069.80",186.97K,4.89%
1252,28-May-18,7119.3,"7,367.30","7,446.90","7,090.60",152.29K,-3.36%
1253,27-May-18,7366.7,"7,361.90","7,411.80","7,267.50",103.29K,0.07%
1254,26-May-18,7361.3,"7,478.50","7,619.30","7,331.50",103.07K,-1.56%
1255,25-May-18,7477.7,"7,593.90","7,653.40","7,355.60",161.82K,-1.52%
1256,24-May-18,7592.9,"7,512.30","7,736.60","7,293.40",211.11K,1.07%
1257,23-May-18,7512.3,"8,005.70","8,047.40","7,467.60",237.60K,-6.17%
1258,22-May-18,8006,"8,403.80","8,414.50","7,979.30",137.51K,-4.73%
1259,21-May-18,8403.3,"8,529.50","8,550.60","8,375.50",115.52K,-1.47%
1260,20-May-18,8529,"8,243.90","8,580.40","8,184.70",113.76K,3.44%
1261,19-May-18,8245.1,"8,244.70","8,389.10","8,153.20",107.89K,-0.01%
1262,18-May-18,8245.7,"8,064.40","8,273.60","7,939.80",150.32K,2.27%
1263,17-May-18,8063,"8,344.60","8,458.70","8,022.30",154.36K,-3.37%
1264,16-May-18,8344.4,"8,477.00","8,496.40","8,120.10",188.03K,-1.56%
1265,15-May-18,8477,"8,674.00","8,842.10","8,436.50",179.62K,-2.27%
1266,14-May-18,8674.1,"8,693.40","8,878.30","8,305.10",212.05K,-0.22%
1267,13-May-18,8693.5,"8,489.10","8,758.40","8,330.00",149.80K,2.77%
1268,12-May-18,8459.5,"8,409.60","8,646.10","8,184.10",210.87K,0.61%
1269,11-May-18,8408.3,"9,026.00","9,028.70","8,359.60",270.62K,-6.84%
1270,10-May-18,9025.7,"9,319.20","9,393.30","9,013.40",152.71K,-3.15%
1271,9-May-18,9319.1,"9,194.90","9,377.90","8,988.00",147.89K,1.33%
1272,8-May-18,9196.4,"9,373.90","9,404.40","9,079.80",157.45K,-2.49%
1273,7-May-18,9431.6,"9,651.10","9,675.60","9,204.20",165.08K,-2.33%
1274,6-May-18,9656.4,"9,859.60","9,957.70","9,446.70",150.95K,-2.00%
1275,5-May-18,9853.5,"9,709.50","9,992.80","9,691.30",158.45K,1.49%
1276,4-May-18,9708.6,"9,747.60","9,800.90","9,549.00",161.55K,-0.42%
1277,3-May-18,9749.7,"9,244.20","9,809.40","9,171.40",201.18K,5.48%
1278,2-May-18,9243.2,"9,076.80","9,265.70","8,991.90",137.48K,1.85%
1279,1-May-18,9074.9,"9,245.10","9,245.10","8,851.00",173.35K,-1.84%
1280,30-Apr-18,9245.1,"9,415.80","9,456.70","9,135.40",156.83K,-1.80%
1281,29-Apr-18,9415.1,"9,352.20","9,565.10","9,182.80",184.72K,0.67%
1282,28-Apr-18,9352.4,"8,940.80","9,428.90","8,895.50",199.78K,4.60%
1283,27-Apr-18,8940.9,"9,282.80","9,386.30","8,920.20",184.91K,-3.73%
1284,26-Apr-18,9287,"8,874.50","9,303.60","8,669.80",248.39K,4.67%
1285,25-Apr-18,8873.1,"9,645.00","9,753.10","8,768.10",395.67K,-8.01%
1286,24-Apr-18,9645.3,"8,952.70","9,734.80","8,937.00",260.79K,7.73%
1287,23-Apr-18,8952.8,"8,809.30","9,001.00","8,785.30",147.54K,1.66%
1288,22-Apr-18,8806.7,"8,923.60","9,022.30","8,766.50",161.89K,-1.30%
1289,21-Apr-18,8923.1,"8,867.00","9,027.70","8,614.50",206.01K,0.63%
1290,20-Apr-18,8867,"8,292.30","8,926.20","8,224.50",225.96K,6.95%
1291,19-Apr-18,8290.8,"8,179.00","8,303.70","8,126.70",155.08K,1.37%
1292,18-Apr-18,8178.4,"7,908.50","8,227.60","7,895.30",163.26K,3.41%
1293,17-Apr-18,7908.6,"8,070.00","8,171.70","7,852.80",162.59K,-2.00%
1294,16-Apr-18,8070,"8,362.20","8,412.90","7,908.50",197.70K,-3.51%
1295,15-Apr-18,8363.6,"8,004.60","8,411.50","8,004.60",160.26K,4.49%
1296,14-Apr-18,8004.4,"7,891.10","8,180.20","7,839.30",164.71K,1.48%
1297,13-Apr-18,7887.4,"7,926.90","8,228.00","7,756.60",296.95K,-0.49%
1298,12-Apr-18,7926.6,"6,963.30","8,009.60","6,779.30",398.30K,13.85%
1299,11-Apr-18,6962.1,"6,855.60","6,988.60","6,818.40",142.07K,1.56%
1300,10-Apr-18,6854.8,"6,782.60","6,899.50","6,671.60",134.23K,1.08%
1301,9-Apr-18,6781.9,"7,035.70","7,192.50","6,633.20",241.19K,-3.54%
1302,8-Apr-18,7030.5,"6,905.90","7,113.40","6,903.90",132.51K,1.81%
1303,7-Apr-18,6905.7,"6,624.50","7,071.90","6,616.10",177.10K,4.25%
1304,6-Apr-18,6624.3,"6,783.70","6,859.70","6,523.40",174.90K,-2.33%
1305,5-Apr-18,6782,"6,808.70","6,918.20","6,592.50",221.70K,-0.40%
1306,4-Apr-18,6808.9,"7,423.80","7,432.90","6,726.90",239.51K,-8.29%
1307,3-Apr-18,7424.2,"7,067.20","7,519.30","7,032.90",230.80K,5.03%
1308,2-Apr-18,7068.4,"6,825.40","7,121.30","6,787.60",199.31K,3.56%
1309,1-Apr-18,6825.2,"6,939.10","7,047.70","6,460.10",257.53K,-1.63%