Publish Date,sentiment
2016-04-01,-0.6
2016-04-02,-0.8
2016-04-03,-0.6
2016-04-04,-0.7333333333333333
2016-04-05,-0.3333333333333333
2016-04-06,-0.6
2016-04-07,-0.6
2016-04-08,-0.7333333333333333
2016-04-09,-0.7333333333333333
2016-04-10,-0.6666666666666666
2016-04-11,-0.7333333333333333
2016-04-12,-0.8
2016-04-13,-0.8
2016-04-14,-0.6666666666666666
2016-04-15,-0.6
2016-04-16,-0.4666666666666667
2016-04-17,-0.8666666666666667
2016-04-18,-0.6
2016-04-19,-0.6666666666666666
2016-04-20,-0.4
2016-04-21,-0.8666666666666667
2016-04-22,-0.5172413793103449
2016-04-23,-0.6
2016-04-24,-0.8666666666666667
2016-04-25,-0.6
2016-04-26,-0.4666666666666667
2016-04-27,-0.6
2016-04-28,-0.6
2016-04-29,-0.4666666666666667
2016-04-30,-0.6
