Score,sentiment
11315.544827586204,0.14367816091954022
4227.443678160919,0.20229885057471264
19169.89540229885,0.18505747126436786
88304.61609195403,0.11954022988505746
12948.671264367815,0.16551724137931031
15604.654022988512,0.20229885057471267
96230.50574712644,0.18505747126436783
7967.633333333333,0.064367816091954
88461.49540229885,0.14367816091954025
5325.5862068965525,0.14367816091954022
60948.87816091954,0.06436781609195402
29647.61034482758,0.11954022988505744
86764.06436781611,0.14367816091954025
3726.8091954022993,0.1195402298850575
26327.49885057471,0.20229885057471259
8244.602298850576,0.14367816091954022
175676.79195402307,0.21724137931034482
3668.1103448275862,0.16551724137931037
4831.420689655171,0.20229885057471264
338355.040229885,0.20229885057471264
2323.9781609195397,0.2298850574712643
1367.1275862068965,0.20229885057471259
2889.7482758620695,0.20229885057471264
21032.516091954025,0.06436781609195402
44442.81034482758,0.18505747126436783
123709.3436781609,0.20229885057471267
22170862.3229885,0.14367816091954025
4191.454022988505,0.14367816091954025
89731.41264367818,0.18505747126436786
81176.25747126435,0.09310344827586206
21793.70229885057,0.16551724137931031
6442.024137931035,0.1655172413793103
48475.34367816093,0.21724137931034482
2777.2885057471267,0.11954022988505751
135582.1655172414,0.09310344827586205
897841.9264367815,0.14367816091954025
32875.178160919546,0.14367816091954022
12314.722988505748,0.18505747126436783
49146.11954022988,0.2022988505747127
798043.1275862069,0.14367816091954022
14618.033333333331,0.16551724137931034
8364.960919540228,0.14367816091954025
10839.310344827582,0.16551724137931031
7206.409195402299,0.20229885057471272
35247.04022988505,0.11954022988505746
24202.171264367822,0.1850574712643678
83682.98850574713,0.1655172413793103
88514.62068965516,0.14367816091954022
6460.960919540231,0.11954022988505746
955.9540229885057,0.14367816091954022
183778.44712643675,0.20229885057471259
15804.579310344825,0.09310344827586206
7244.395402298851,0.06436781609195401
10405.788505747121,0.1850574712643678
10903.381773399013,0.22167487684729056
424300.7540229886,0.18505747126436783
50437.54482758621,0.09310344827586207
294168.58505747135,0.09310344827586206
26643.70574712644,0.1850574712643678
3101.619540229885,0.16551724137931031
16840.4091954023,0.20229885057471267
4428.6620689655165,0.06436781609195402
1585.016091954023,0.21724137931034476
1967.5413793103444,0.11954022988505747
15288.791954022989,0.11954022988505746
5122.14367816092,0.14367816091954022
41028.391954023005,0.03333333333333332
7027.2367816091955,0.18505747126436783
779.0298850574713,0.11954022988505747
67029.9540229885,0.06436781609195402
61877.70229885057,0.1850574712643678
195406.28620689662,0.21724137931034476
25060.254022988505,0.18505747126436775
73829.48160919541,0.11954022988505746
4172.575862068966,0.1195402298850575
23622.960919540226,0.16551724137931034
18560.240229885057,0.20229885057471267
26668.460919540234,0.14367816091954022
11160.562068965515,0.14367816091954022
115215.25172413792,0.11954022988505747
5921.2,0.18505747126436783
478.0413793103449,0.18505747126436783
2549.49540229885,0.16551724137931031
361373.1781609195,0.16551724137931031
54856.254022988505,0.14367816091954022
322258.43678160926,0.2022988505747127
2536.722988505747,0.1850574712643678
180044.25862068965,0.16551724137931031
3555.3609195402305,0.20229885057471267
6761.357471264367,0.18505747126436783
91343.3747126437,0.11954022988505747
924.0413793103447,0.14367816091954025
7185.41264367816,0.09310344827586209
1040093.2747126435,0.24827586206896554
30050.947126436786,0.09310344827586206
2147.006896551724,0.18505747126436778
1616.947126436782,0.18505747126436778
10383.889655172417,0.18505747126436775
3134.5298850574713,0.1850574712643678
1995184.1022988507,0.11954022988505747
894521.7885057472,0.21724137931034485
2128.1103448275862,0.14367816091954017
10082.54712643678,0.14367816091954025
5007.029885057471,0.16551724137931031
855218.3264367817,0.09310344827586207
202675.95862068958,0.16551724137931037
1410.575862068965,0.11954022988505747
2194.1206896551726,0.14367816091954022
78946.14827586204,0.09310344827586206
4883.081609195402,0.11954022988505747
4085.1954022988507,0.09310344827586207
116830.80919540228,0.20229885057471259
2940.731034482758,0.16551724137931034
301033.63678160915,0.21724137931034482
13050.671264367818,0.21724137931034482
53818.074712643676,0.16551724137931031
5871.688505747125,0.16551724137931037
3213.1137931034473,0.21724137931034482
39866.13333333333,0.09310344827586206
2493.2655172413793,0.09310344827586206
1400.2192118226599,0.1477832512315271
529527.6655172412,0.21724137931034476
52538.97586206896,0.09310344827586206
70420.03333333334,0.16551724137931034
551.0620689655173,0.20229885057471264
3272.593103448277,0.11954022988505747
290073.63678160915,0.18505747126436783
2348230.975862069,0.11954022988505747
7386.8091954022975,0.16551724137931034
3313.8172413793104,0.16551724137931037
2460.0333333333338,0.24022988505747123
136224.25999999998,0.16666666666666663
4587.729885057471,0.1850574712643678
235849.067816092,0.1850574712643678
1051.7712643678162,0.06436781609195404
2466.7137931034486,0.1850574712643678
12104.878160919541,0.20229885057471267
6499.660919540229,0.2172413793103448
32315.964367816083,0.1850574712643678
4263.834482758621,0.16551724137931031
1106.5298850574713,0.14367816091954022
6613.136781609196,0.18505747126436783
10383.558620689653,0.18505747126436783
11397.389655172412,0.14367816091954025
4078.206896551724,0.22988505747126434
239760.9609195402,0.11954022988505747
38270.271264367824,0.16551724137931031
56975.70574712645,0.09310344827586206
8266.947126436782,0.14367816091954022
2511.9954022988495,0.14367816091954022
2102.9436781609193,0.22988505747126434
933.6885057471267,0.21724137931034485
2820.9436781609193,0.06436781609195401
1731.7712643678155,0.11954022988505746
1845.5402298850577,0.18505747126436778
15946.022988505745,0.16551724137931031
167396.52988505756,0.14367816091954025
14056.585057471264,0.14367816091954025
108028.7816091954,0.18505747126436783
3757.293103448276,0.18505747126436775
134726.7862068966,0.16551724137931034
28424.929885057463,0.1655172413793103
16814.44712643678,0.16551724137931031
2770.2172413793096,0.14367816091954022
1523.5816091954025,0.1850574712643678
18668.758620689656,0.20229885057471264
1599.251724137931,0.20229885057471264
60158.557471264365,0.20229885057471267
4262.024137931034,0.18505747126436778
3969.5275862068975,0.14367816091954025
4476.254022988504,0.20229885057471267
3830.391954022989,0.20229885057471259
1266.2298850574712,0.18505747126436783
26393.374712643672,0.22988505747126436
2748.0471264367807,0.21724137931034485
866396.5103448274,0.16551724137931031
789.1264367816092,0.20229885057471272
2081.954022988506,0.18505747126436783
15482.947126436784,0.18505747126436775
1416.5068965517244,0.14367816091954025
738.9022988505748,0.21724137931034485
178606.6310344828,0.14367816091954022
156378.00574712642,0.14367816091954022
37585.81724137931,0.14367816091954022
2781.8896551724138,0.14367816091954025
203763.75172413792,0.06436781609195402
23347.619540229884,0.14367816091954022
28231.481609195398,0.16551724137931031
2463.5678160919542,0.06436781609195402
944979.6103448279,0.11954022988505747
4288.575862068965,0.21724137931034482
7868.754022988508,0.11954022988505746
7550.924137931034,0.03333333333333333
3369.6367816091965,0.09310344827586207
76718.94712643682,0.11954022988505746
825.3160919540229,0.11954022988505747
13353.857471264364,0.11954022988505747
6135.931034482757,0.1195402298850575
7108.033333333334,0.14367816091954025
40691.21954022989,0.16551724137931031
1214.8609195402298,0.20229885057471267
79688.76436781613,0.16551724137931034
14449.650574712643,0.1655172413793103
1102.3264367816091,0.16551724137931037
4953.544827586206,0.11954022988505747
29276.13333333333,0.18505747126436786
6222.110344827585,0.16551724137931031
2474850.0763546797,0.14778325123152708
802.7540229885055,0.16551724137931031
10196.998850574711,0.1655172413793103
4859.734482758621,0.1850574712643679
151110.2574712644,0.11954022988505747
104926.80919540228,0.1850574712643678
45897.04022988506,0.1850574712643678
1224750.4091954024,0.20229885057471264
1786.2068965517242,0.1850574712643678
1781.4988505747126,0.16551724137931031
22396.654022988507,0.1655172413793103
4618.455172413794,0.09310344827586206
289214.94712643675,0.14367816091954022
1498.3724137931038,0.11954022988505744
75864.44712643676,0.14367816091954025
7728.827586206897,0.20229885057471267
42629.37471264369,0.06436781609195402
1096.3264367816091,0.16551724137931031
98477.97816091956,0.11954022988505747
23425.63333333333,0.14367816091954022
2255.5275862068966,0.16551724137931031
36075.412643678166,0.16551724137931031
524914.9758620688,0.09310344827586206
74582.0747126437,0.03333333333333333
1034.7310344827586,0.11954022988505747
3379.42643678161,0.14367816091954025
3337241.2655172404,0.2298850574712643
21781.333333333332,0.14367816091954022
2625.3574712643685,0.16551724137931037
30656.25747126436,0.06436781609195402
1038294.8057471266,0.21724137931034482
819837.4206896552,0.22988505747126436
672594.5241379312,0.11954022988505744
85993.42988505747,0.11954022988505747
11918.919540229886,0.09310344827586207
18949.006896551728,0.18505747126436783
6167.268965517243,0.14367816091954025
13841.034482758623,0.09310344827586206
55489.541379310336,0.18505747126436778
14602.119540229887,0.14367816091954025
11419.567816091956,0.06436781609195402
5461712.8517241385,0.11954022988505746
583800.1885057471,0.11954022988505744
64769.75747126435,0.11954022988505746
296795.3057471266,0.1850574712643678
1323.403448275862,0.14367816091954022
179330.5333333334,0.1850574712643678
5813.075862068966,0.2022988505747127
11229.558620689659,0.21724137931034487
15080.4091954023,0.22988505747126434
3711.150574712644,0.24022988505747123
180739.77126436782,0.16551724137931031
82499.70574712643,0.25402298850574717
18792.7816091954,0.20229885057471264
26443.126436781607,0.1655172413793103
11879.610344827586,0.14367816091954022
2593.9367816091944,0.14367816091954022
10248396.667816088,0.14367816091954017
28103.098850574715,0.09310344827586207
426892.8965517242,0.14367816091954017
284237.5126436782,0.18505747126436783
2627.9264367816086,0.18505747126436783
20366.033333333333,0.22988505747126436
882925.6195402299,0.1655172413793103
2193.305747126437,0.18505747126436778
222570.87931034487,0.09310344827586207
1849.5816091954023,0.06436781609195402
,
805.0160919540234,0.21724137931034476
0.0,0.11954022988505746
0.0,0.11954022988505747
0.0,0.16551724137931031
0.03333333333333333,0.22988505747126434
0.0,0.03333333333333333
0.03333333333333334,0.20229885057471264
0.6034482758620692,0.1195402298850575
0.0,0.14367816091954025
0.0,0.18505747126436783
0.3781609195402297,0.09310344827586207
0.0,0.03333333333333333
0.0,0.14367816091954022
0.0,0.1850574712643678
0.0,0.16551724137931037
0.0,0.03333333333333333
0.0,0.06436781609195402
0.0,0.20229885057471267
0.0,0.09310344827586206
6379457.650574713,0.11954022988505746
1691241.7988505743,0.14367816091954025
25910.700000000004,0.14367816091954025
3173.1264367816093,0.11954022988505746
17707.02988505747,0.1850574712643678
2835.843678160918,0.2172413793103448
471284.28620689653,0.11954022988505744
4188715.5678160936,0.06436781609195404
7111.495402298848,0.11954022988505746
12776.493103448276,0.1850574712643678
934.2402298850574,0.16551724137931031
14729672.229885057,0.16551724137931034
129963.6367816092,0.03333333333333333
0.0,0.1896551724137931
0.0,0.20229885057471267
0.0,0.16551724137931031
0.0,0.16551724137931034
0.03333333333333333,0.20229885057471267
0.0,0.14367816091954025
0.0,0.1850574712643678
0.0,0.14367816091954022
0.0,0.09310344827586206
0.0,0.16551724137931034
0.0,0.09310344827586206
0.0,0.16551724137931031
0.0,0.11954022988505746
0.0,0.14367816091954022
0.0,0.18505747126436786
0.0,0.09310344827586207
0.0,0.09310344827586206
0.0,0.11954022988505744
0.0,0.033333333333333326
0.0,0.16551724137931031
0.0,0.16551724137931031
0.0,0.16551724137931031
0.0,0.11954022988505747
0.0,0.16551724137931031
0.0,0.11954022988505751
1.1448275862068966,0.14367816091954028
0.0,0.11954022988505747
0.0,0.09310344827586207
0.03333333333333334,0.09310344827586207
0.0,0.14367816091954022
0.0,0.11954022988505746
0.0,0.14367816091954022
0.0,0.1850574712643678
0.0,0.14367816091954025
0.0,0.18505747126436783
0.0,0.16551724137931031
0.0,0.09310344827586205
0.0,0.14367816091954025
0.0,0.16995073891625614
0.0,0.09310344827586205
0.0,0.11954022988505747
0.0,0.16551724137931031
0.0,0.1195402298850575
0.0,0.1850574712643678
0.0,0.20229885057471264
0.0,0.06436781609195402
0.0,0.16551724137931031
0.0,0.18505747126436778
0.0,0.09310344827586206
0.0,0.16551724137931031
0.0,0.09310344827586207
0.0,0.06436781609195402
1413.8724137931033,0.1850574712643678
2404.4551724137937,0.14367816091954022
1549223.17816092,0.1655172413793103
1120.8551724137933,0.21724137931034485
1075.610344827586,0.2172413793103448
952.8919540229886,0.20229885057471267
3206.896551724137,0.033333333333333326
2583.748275862069,0.09310344827586207
4656.257471264368,0.14367816091954022
4757.268965517241,0.20229885057471267
980708.4827586206,0.14367816091954028
497.15057471264356,0.20229885057471267
1009814.8517241379,0.1195402298850575
16725.316091954024,0.11954022988505747
30733.1367816092,0.18505747126436783
10124.368965517244,0.16551724137931031
5200.179310344828,0.16551724137931034
21656.09310344828,0.11954022988505746
9734.409195402302,0.11954022988505747
1804.2310344827586,0.06436781609195404
3897.886206896551,0.21724137931034482
104262.7,0.1655172413793103
303.84022988505745,0.14367816091954022
1401.9367816091956,0.2172413793103448
203.56436781609193,0.2402298850574713
134.39195402298853,0.11954022988505747
533.6333333333331,0.16551724137931031
85713.22413793103,0.14367816091954025
319504.57471264387,0.11954022988505744
11490.971264367818,0.14367816091954025
476.4781609195402,0.14367816091954025
241418.02298850572,0.16551724137931031
945.3574712643676,0.11954022988505744
1230.8747126436779,0.09310344827586205
7006.137931034484,0.14367816091954025
1004.6724137931035,0.20229885057471267
11000.340229885052,0.11954022988505747
1587314.510344828,0.2022988505747127
160.72298850574714,0.14367816091954025
9987.978160919543,0.14367816091954022
2969.757471264368,0.09310344827586205
24897.09885057471,0.18505747126436783
13878.148275862071,0.2298850574712643
41346.32298850575,0.2298850574712643
2215.7022988505746,0.16551724137931031
23484.23103448275,0.16551724137931034
26953.402298850575,0.2402298850574712
1044.9630541871925,0.16995073891625614
1017.9954022988504,0.14367816091954025
1522.989655172414,0.14367816091954025
1341.9137931034484,0.16551724137931031
10765.550574712643,0.2172413793103448
6871.834482758619,0.24022988505747123
227.4264367816092,0.1850574712643678
696.3551724137932,0.22988505747126436
6218.809195402296,0.16551724137931031
15552.878160919541,0.11954022988505747
9789.995402298846,0.1195402298850575
2542.047126436782,0.14367816091954017
4270.524137931035,0.20229885057471267
4160.0505747126435,0.16551724137931031
4807.062068965518,0.11954022988505753
300302.5758620691,0.20229885057471264
4997.558620689656,0.20229885057471267
103874.60229885057,0.16551724137931031
1043502.2586206895,0.1699507389162561
2466.671264367817,0.06436781609195402
25752.460919540223,0.20229885057471267
6914.585057471267,0.0
4226.46091954023,0.09310344827586206
4994.700000000002,0.16551724137931037
22609.458620689653,0.21724137931034476
1917.1137931034484,0.20229885057471272
10705.567816091956,0.2022988505747127
29744.960919540234,0.14367816091954022
4440.437931034483,0.18505747126436778
74357.55057471263,0.11954022988505751
6018278.648275862,0.06436781609195401
413.15402298850574,0.1655172413793103
6380.460919540228,0.14367816091954022
1869.0068965517241,0.09310344827586205
4084.3781609195394,0.09310344827586206
2610972.257471264,0.1195402298850575
42819.0816091954,0.18505747126436778
133544.73678160916,0.14367816091954025
2509.219540229885,0.09310344827586207
83134.7827586207,0.22988505747126428
18837.99540229886,0.06436781609195402
17518.340229885063,0.11954022988505747
4337.903448275864,0.14367816091954022
21326.855172413787,0.16551724137931031
25991.40344827585,0.1850574712643678
3286.3091954022984,0.11954022988505744
159180.59885057466,0.06436781609195402
13943.688505747125,0.09310344827586206
11702.75862068965,0.16551724137931031
611.8954022988507,0.16551724137931037
3838.8919540229895,0.18505747126436783
14555.320689655173,0.16551724137931031
6771.481609195403,0.21724137931034485
12679.834482758619,0.14367816091954022
7707.131034482758,0.11954022988505751
9631.705747126438,0.16551724137931037
1527.029885057471,0.16551724137931034
586.0471264367816,0.09310344827586207
290810.5758620689,0.2402298850574713
795682.6712643679,0.03333333333333333
3527.4816091954026,0.16551724137931034
472840.24022988504,0.09310344827586207
51555.564367816085,0.21724137931034482
7220.533333333336,0.16551724137931031
9088.322988505746,0.11954022988505746
9897.029885057473,0.16551724137931031
3015.3160919540223,0.1850574712643678
22921.909195402295,0.14367816091954022
3603.498850574712,0.20229885057471267
7661.719540229885,0.18505747126436783
12529.385057471265,0.1195402298850575
35754.99310344828,0.03333333333333333
3304.8747126436792,0.16551724137931031
2097.458620689655,0.14367816091954025
0.14367816091954022,0.20229885057471267
0.5241379310344826,0.14367816091954025
0.0,0.14367816091954025
0.03333333333333333,0.09310344827586206
0.0,0.1655172413793103
0.0,0.09310344827586207
0.1436781609195403,0.20229885057471267
13.085057471264363,0.14367816091954025
0.8609195402298851,0.20229885057471267
0.0,0.1850574712643679
0.0,0.11954022988505751
0.0,0.21724137931034482
0.0,0.1655172413793103
0.0,0.14367816091954022
0.06436781609195402,0.20229885057471267
1.0586206896551724,0.18505747126436783
0.0,0.09310344827586206
0.03333333333333333,0.1850574712643678
0.0,0.09310344827586206
0.0,0.11954022988505747
1.5505747126436786,0.21724137931034482
0.034482758620689655,0.14778325123152705
1.4988505747126437,0.22988505747126436
0.0,0.16551724137931031
0.06436781609195402,0.16551724137931034
0.0,0.14367816091954017
0.0,0.09310344827586206
0.0,0.09310344827586206
0.06436781609195406,0.20229885057471267
7.385057471264367,0.16551724137931037
0.11954022988505754,0.16551724137931034
0.16551724137931037,0.1850574712643678
0.0,0.09310344827586207
0.0,0.09310344827586207
0.06436781609195402,0.1195402298850575
0.1885057471264368,0.1850574712643678
0.21264367816091953,0.14367816091954025
0.9298850574712642,0.11954022988505746
5.734482758620689,0.2402298850574712
0.0,0.16551724137931031
0.271264367816092,0.09310344827586207
0.06436781609195402,0.1655172413793103
10.860919540229885,0.2298850574712643
5.926436781609195,0.06436781609195402
0.0,0.20229885057471267
0.14367816091954028,0.09310344827586207
0.22988505747126428,0.06436781609195402
1.3609195402298846,0.14367816091954025
0.0,0.03333333333333333
0.0,0.11954022988505744
0.0,0.09310344827586206
0.0,0.16551724137931031
0.0,0.1655172413793103
2.033333333333333,0.14367816091954025
0.06436781609195406,0.09310344827586207
0.0,0.06436781609195402
0.03333333333333333,0.09310344827586207
0.5160919540229886,0.20229885057471259
0.0,0.11954022988505747
1.1137931034482758,0.1850574712643678
17.40344827586207,0.14367816091954025
90.65402298850574,0.24827586206896554
0.0,0.11954022988505747
0.06436781609195402,0.09310344827586205
1.0850574712643677,0.20229885057471267
0.0,0.16551724137931031
5.489655172413792,0.2022988505747127
584.4609195402298,0.11954022988505747
11.029885057471263,0.22988505747126442
0.0,0.20229885057471264
1.274712643678161,0.16551724137931034
89.52298850574715,0.11954022988505746
5.820689655172414,0.11954022988505744
48614.41954022988,0.06436781609195402
89.13678160919541,0.2172413793103448
1.126436781609196,0.16551724137931034
0.0,0.20229885057471267
5.1724137931034475,0.09310344827586206
2.160919540229885,0.11954022988505747
0.0,0.14367816091954025
0.298850574712644,0.11954022988505747
2.8,0.03333333333333333
21.222988505747118,0.18505747126436786
0.5574712643678161,0.11954022988505747
0.3172413793103447,0.16551724137931031
5.389655172413794,0.22988505747126442
0.06436781609195404,0.06436781609195402
0.21264367816091959,0.18505747126436778
11.205747126436778,0.20229885057471267
8.480295566502464,0.1896551724137931
44.92988505747127,0.18505747126436786
29.40689655172414,0.18505747126436786
33.840229885057475,0.20229885057471267
5.636781609195401,0.09310344827586206
0.7367816091954026,0.18505747126436778
10.516091954022992,0.20229885057471267
17.333333333333332,0.11954022988505747
0.37816091954023,0.21724137931034482
0.5620689655172417,0.16551724137931037
0.06436781609195402,0.18505747126436778
0.29885057471264365,0.11954022988505747
124.83793103448278,0.21724137931034482
42.16551724137932,0.20229885057471259
0.06436781609195402,0.16551724137931031
0.16551724137931045,0.03333333333333333
1.1275862068965519,0.09310344827586207
32.212643678160916,0.18505747126436786
0.0,0.09310344827586207
0.6022988505747127,0.11954022988505747
4.8,0.14367816091954022
0.2988505747126436,0.09310344827586207
0.0,0.06436781609195402
0.03333333333333333,0.11954022988505746
0.0,0.03333333333333333
0.0,0.09310344827586206
1.7344827586206895,0.09310344827586206
9.1367816091954,0.11954022988505747
0.16551724137931037,0.11954022988505747
0.0,0.16551724137931031
0.18850574712643675,0.1850574712643678
0.0,0.14367816091954022
0.0,0.09310344827586206
0.06650246305418718,0.09605911330049262
92.41379310344827,0.21724137931034485
0.929885057471264,0.09310344827586205
0.0,0.09310344827586206
0.0,0.03333333333333333
7.729885057471265,0.16551724137931034
0.0,0.11954022988505744
0.7229885057471261,0.16551724137931031
139.4950738916256,0.16995073891625614
0.0,0.06436781609195402
0.0,0.14367816091954022
0.0,0.11954022988505746
0.8057471264367816,0.16551724137931034
0.8333333333333333,0.1850574712643678
206.23103448275862,0.14367816091954025
563.6275862068966,0.20229885057471267
1.1505747126436783,0.18505747126436783
0.0,0.2540229885057471
0.03333333333333333,0.18505747126436783
0.03333333333333333,0.09310344827586207
0.06436781609195404,0.16551724137931034
7.24712643678161,0.20229885057471267
175.30574712643673,0.20229885057471267
0.03333333333333333,0.09310344827586207
0.0,0.18505747126436778
0.0,0.11954022988505747
0.0,0.09310344827586206
0.0,0.14367816091954025
0.46091954022988546,0.11954022988505751
98.18850574712644,0.1655172413793103
0.21724137931034476,0.11954022988505747
0.0,0.03333333333333333
0.0,0.11954022988505747
0.0,0.14367816091954022
0.0,0.14367816091954025
0.14367816091954022,0.18505747126436786
1320.0333333333333,0.18505747126436778
,
0.13333333333333333,0.1655172413793103
1.4954022988505744,0.20229885057471259
2599.2241379310344,0.03333333333333333
646.6022988505748,0.18505747126436786
801.2747126436781,0.1195402298850575
2662.1160919540225,0.11954022988505747
7228.9298850574705,0.09310344827586207
532.667816091954,0.22988505747126434
8.989655172413794,0.16551724137931037
0.2862068965517242,0.11954022988505747
4.1850574712643684,0.24022988505747123
161.70574712643676,0.11954022988505746
208.18505747126434,0.21724137931034485
190.46091954022995,0.1850574712643678
0.44712643678160907,0.09310344827586206
0.46091954022988496,0.09310344827586206
0.0,0.06436781609195402
7.627586206896552,0.11954022988505747
51.167816091954016,0.11954022988505747
24.436781609195396,0.2482758620689655
0.11954022988505747,0.11954022988505746
0.271264367816092,0.14367816091954025
0.06436781609195402,0.09310344827586206
1.0816091954022988,0.22988505747126434
0.0,0.06436781609195402
0.06436781609195402,0.11954022988505744
357.85747126436786,0.1850574712643678
0.03333333333333333,0.2022988505747127
46.73678160919541,0.14367816091954025
0.42413793103448266,0.18505747126436786
2.87816091954023,0.1850574712643678
0.09310344827586205,0.14367816091954022
0.0,0.11954022988505747
31.08505747126436,0.18505747126436783
0.03333333333333333,0.06436781609195404
19.564367816091956,0.24022988505747128
4.185057471264369,0.16551724137931031
10.50574712643678,0.20229885057471267
4.022988505747127,0.1850574712643678
56.94827586206896,0.14367816091954025
75.35747126436782,0.14367816091954025
6.6850574712643684,0.18505747126436778
0.3724137931034483,0.14367816091954025
15.274712643678164,0.16551724137931037
13.016091954022988,0.20229885057471267
6.3689655172413815,0.14367816091954025
8.303448275862069,0.2482758620689655
281.13103448275865,0.14367816091954022
0.09310344827586209,0.14367816091954025
4.2540229885057474,0.21724137931034482
4.919540229885058,0.24022988505747134
8.547126436781607,0.16551724137931031
0.09310344827586202,0.11954022988505747
53.29195402298849,0.16551724137931031
0.0,0.11954022988505744
0.5241379310344828,0.14367816091954025
1.0988505747126438,0.20229885057471267
33.66091954022989,0.21724137931034482
5.316091954022988,0.24827586206896549
3.9816091954022985,0.21724137931034482
0.0,0.14367816091954025
160.39540229885057,0.16551724137931031
10.547126436781605,0.18505747126436783
8.585057471264365,0.22988505747126434
220.32298850574716,0.14367816091954017
11.633333333333333,0.18505747126436783
1.9126436781609193,0.20229885057471267
39.471264367816076,0.18505747126436783
7.498850574712642,0.1850574712643678
6.464367816091954,0.2298850574712643
4.8919540229885055,0.11954022988505744
25270.202298850567,0.16551724137931031
38.998850574712634,0.14367816091954022
3.4954022988505744,0.18505747126436783
0.4241379310344827,0.20229885057471264
6.510344827586206,0.1850574712643678
157.567816091954,0.20229885057471259
42.80574712643676,0.18505747126436783
84.37816091954024,0.2574712643678161
9.086206896551728,0.22988505747126442
20.010344827586213,0.20229885057471267
0.5160919540229889,0.14367816091954025
4.878160919540231,0.22988505747126436
165.27471264367816,0.2574712643678161
291.012643678161,0.06436781609195402
48.67126436781609,0.14367816091954017
1.581609195402299,0.09310344827586205
30.947126436781605,0.16551724137931031
0.0,0.14367816091954025
0.0,0.1655172413793103
17.13103448275862,0.16551724137931031
17.978160919540226,0.16551724137931037
8.24022988505747,0.18505747126436783
29.144827586206898,0.16551724137931034
0.9298850574712645,0.16551724137931031
0.0,0.06436781609195404
0.2540229885057471,0.06436781609195401
7.65057471264368,0.16551724137931031
14.14367816091954,0.2022988505747127
1760.654022988506,0.14367816091954022
7.343678160919541,0.14367816091954017
17.95862068965517,0.16551724137931031
0.0,0.14367816091954022
17467.724137931036,0.14367816091954022
1657.4126436781607,0.16551724137931031
1233.912643678161,0.033333333333333326
1626.3275862068965,0.09310344827586205
26.378160919540232,0.14367816091954025
26.47816091954024,0.2482758620689655
0.6436781609195402,0.09310344827586209
3.591954022988506,0.18505747126436786
9.981609195402298,0.14367816091954025
69.90919540229883,0.11954022988505747
11.70574712643678,0.16551724137931037
209.08160919540234,0.2022988505747127
13.443678160919545,0.18505747126436783
10.309195402298847,0.09310344827586209
13.688505747126438,0.16551724137931031
82.04712643678161,0.22988505747126442
55.67816091954022,0.06436781609195402
39.412643678160904,0.20229885057471264
111.06206896551723,0.18505747126436778
12.712643678160918,0.09310344827586206
0.06436781609195406,0.14367816091954025
1.7195402298850575,0.20229885057471267
12.051724137931034,0.14367816091954022
21.817241379310342,0.1850574712643678
7.458620689655171,0.09310344827586206
25.912643678160922,0.18505747126436778
64.39195402298851,0.11954022988505747
70.57471264367815,0.09310344827586206
40.30919540229884,0.18505747126436783
194.04137931034472,0.22988505747126436
128.7137931034483,0.20229885057471267
32.85057471264368,0.1850574712643678
362.8505747126437,0.11954022988505747
14.878160919540226,0.1850574712643678
11.012643678160918,0.21724137931034476
23.70574712643678,0.14367816091954025
26.52988505747127,0.18505747126436775
43.94137931034484,0.20229885057471264
50.21724137931035,0.14367816091954022
79.8574712643678,0.21724137931034485
7.8896551724137955,0.11954022988505747
7.113793103448276,0.16551724137931034
27.926436781609205,0.21724137931034476
23.817241379310346,0.18505747126436778
8154.654022988506,0.14367816091954022
42.24022988505748,0.22988505747126436
62.505747126436795,0.21724137931034482
33.34367816091954,0.18505747126436778
153637.49032258062,0.13978494623655915
9.581609195402299,0.06436781609195402
36.48850574712643,0.18505747126436772
29.816091954022983,0.11954022988505751
12.18965517241379,0.20229885057471264
22.805747126436785,0.18505747126436783
24.064367816091963,0.2022988505747127
2625.7747126436784,0.11954022988505747
248.27126436781612,0.11954022988505746
1445.1367816091954,0.1195402298850575
62245.66028225808,0.13608870967741934
83638.13978494624,0.11612903225806454
21.1367816091954,0.20229885057471267
10.3448275862069,0.22988505747126436
0.0,0.14367816091954025
0.0,0.1850574712643678
10.033333333333333,0.16551724137931031
107.61954022988506,0.09310344827586207
4.781609195402299,0.11954022988505747
12.165517241379314,0.14367816091954022
4.051724137931034,0.1655172413793103
0.0,0.11954022988505747
0.16551724137931034,0.14367816091954017
4.160919540229885,0.18505747126436778
66.06436781609194,0.21724137931034482
6.189655172413791,0.18505747126436786
27.817241379310346,0.14367816091954025
9.926436781609196,0.11954022988505747
0.0,0.11954022988505744
0.36781609195402304,0.21724137931034482
4.8517241379310345,0.11954022988505747
37.00689655172414,0.16551724137931031
66.90689655172415,0.16551724137931026
9.34367816091954,0.16551724137931031
0.0,0.14367816091954022
0.0,0.14367816091954025
0.0,0.09310344827586206
8.929885057471266,0.16551724137931034
55.06206896551724,0.16551724137931034
13.771264367816094,0.14367816091954022
50.827586206896555,0.16551724137931034
6.271264367816093,0.11954022988505746
2488.2586206896553,0.14367816091954025
574.8551724137931,0.14367816091954025
1277.26551724138,0.11954022988505746
25295.24946236559,0.16129032258064513
53824.189393939385,0.15340909090909094
53.79310344827586,0.09310344827586206
25.136781609195406,0.21724137931034482
5075.958620689655,0.1655172413793103
4751.665517241379,0.11954022988505746
911191.0201680673,0.02857142857142857
56163.0927419355,0.19354838709677416
27388.023655913985,0.1978494623655915
694.4643678160921,0.03333333333333333
2301.448275862069,0.09310344827586205
18347.103225806448,0.21290322580645166
1489.7747126436782,0.24022988505747128
5979.885057471267,0.18505747126436778
385.1954022988504,0.14367816091954022
85.37471264367818,0.1655172413793103
107.99540229885056,0.11954022988505747
844.5344827586207,0.16551724137931037
11.222988505747127,0.18505747126436786
19.274712643678157,0.14367816091954025
59.16781609195404,0.14367816091954025
127.5816091954023,0.24827586206896554
20.386206896551727,0.11954022988505747
36713.1569892473,0.1612903225806451
26.391954022988514,0.20229885057471264
11.155172413793105,0.1195402298850575
8.947126436781609,0.18505747126436783
530.0747126436783,0.14367816091954022
244.6264367816091,0.1850574712643678
5.765517241379311,0.06436781609195401
22.424137931034494,0.20229885057471259
23.788505747126436,0.2172413793103448
1061.3436781609194,0.16551724137931031
9.12758620689655,0.14367816091954022
5194.672413793102,0.16551724137931031
992.6448275862069,0.16551724137931034
1065.6965517241379,0.09310344827586207
35.21379310344828,0.18505747126436786
5.885057471264369,0.16551724137931034
157.73448275862066,0.06436781609195401
8.299999999999999,0.1195402298850575
10.271264367816094,0.14367816091954017
14.626436781609199,0.2298850574712643
54.34022988505748,0.09310344827586206
153.42988505747132,0.1850574712643678
13.01609195402299,0.14367816091954028
2.148275862068966,0.21724137931034476
2.14367816091954,0.09310344827586207
218.52413793103452,0.16551724137931034
115.78850574712642,0.14367816091954025
170.37816091954022,0.24022988505747128
449.5275862068965,0.2022988505747127
49.564367816091966,0.14367816091954017
1.798850574712643,0.18505747126436786
0.4367816091954023,0.16551724137931031
194.20229885057472,0.03333333333333333
2.971264367816093,0.18505747126436783
409.99540229885065,0.18505747126436783
176.47816091954024,0.18505747126436783
2459.1310344827575,0.09310344827586205
3154.9896551724137,0.20229885057471272
1401.5,0.06436781609195402
624.1103448275861,0.09310344827586207
27152.14623655913,0.18064516129032263
1530.0919540229881,0.14367816091954022
3240.89195402299,0.09310344827586207
306369.16989247315,0.11612903225806451
6654.281609195402,0.14367816091954025
1975.747126436782,0.2540229885057471
,
9.83448275862069,0.09310344827586205
48.49310344827585,0.1850574712643678
4.171264367816092,0.18505747126436783
1.2643678160919543,0.18505747126436783
262.8747126436782,0.11954022988505751
7393.909195402298,0.09310344827586205
104.46091954022991,0.18505747126436786
31.636781609195403,0.09310344827586205
436.25747126436784,0.2482758620689655
69.91264367816092,0.14367816091954025
10.493103448275859,0.14367816091954025
19.305747126436785,0.18505747126436783
8.033333333333335,0.09310344827586206
1354.6160919540232,0.03333333333333333
6.047126436781609,0.1655172413793103
9.41264367816092,0.14367816091954022
3.012643678160919,0.14367816091954022
4.257471264367816,0.11954022988505747
14.27126436781609,0.20229885057471259
1.8850574712643677,0.22988505747126434
1063.719540229885,0.11954022988505747
3.627586206896551,0.18505747126436786
31.475862068965515,0.22988505747126434
7.729885057471264,0.21724137931034482
3.109195402298851,0.16551724137931031
1.1157635467980296,0.2438423645320197
5.2413793103448265,0.20229885057471264
0.9471264367816092,0.16551724137931031
52.722988505747125,0.1850574712643678
129.54137931034487,0.1850574712643678
324.3919540229885,0.16551724137931034
22.603448275862068,0.16551724137931034
28.350574712643677,0.14367816091954028
36.96551724137931,0.14367816091954025
8.23448275862069,0.20229885057471275
1557.2689655172414,0.18505747126436783
441.71954022988507,0.2540229885057471
364.8057471264367,0.20229885057471267
22.3,0.2298850574712643
0.3264367816091954,0.06436781609195402
40.699999999999996,0.2298850574712643
157.61954022988505,0.14367816091954022
117.06206896551724,0.20229885057471267
27.012643678160916,0.14367816091954025
,
98.66781609195402,0.16551724137931031
29.28850574712643,0.18505747126436783
10.171264367816091,0.1850574712643678
46.6712643678161,0.1850574712643678
17.481609195402303,0.14367816091954022
5.816091954022989,0.21724137931034473
12.271264367816094,0.24022988505747123
108.34022988505743,0.16551724137931031
154.40394088669953,0.16995073891625617
1964.7229885057473,0.1850574712643678
1128.4609195402302,0.20229885057471264
1839.016091954023,0.16551724137931031
1926.8919540229886,0.20229885057471267
946.3402298850575,0.1195402298850575
4414.598850574712,0.14367816091954025
1051.3517241379311,0.1850574712643678
254043.25806451615,0.13978494623655913
140.01034482758624,0.2172413793103448
76.37816091954024,0.09310344827586205
14.165517241379314,0.20229885057471267
6.322988505747126,0.14367816091954022
3.333333333333333,0.18505747126436786
124661.09274193547,0.22177419354838707
49.24137931034482,0.09310344827586206
62.69999999999999,0.18505747126436778
14.575862068965515,0.2022988505747127
46.55747126436782,0.20229885057471275
3.926436781609195,0.18505747126436783
1127.4206896551727,0.11954022988505747
80.60344827586204,0.1195402298850575
27.172413793103452,0.16551724137931031
52.89195402298851,0.033333333333333326
193.80344827586205,0.11954022988505746
19.26896551724138,0.2298850574712643
93.08160919540232,0.20229885057471264
16.58505747126437,0.14367816091954022
46.58505747126436,0.14367816091954025
5.729885057471263,0.1850574712643678
62.74022988505747,0.14367816091954025
106.18850574712643,0.14367816091954022
3053.9954022988513,0.16551724137931031
1130.7540229885058,0.16551724137931034
7156.648275862068,0.14367816091954025
101971.38306451614,0.20866935483870974
187159.6553030303,0.08522727272727273
641.9954022988505,0.21724137931034482
11.747126436781604,0.16551724137931031
1.7574712643678163,0.24022988505747137
0.0,0.16995073891625617
0.0,0.033333333333333326
1.085144927536232,0.14492753623188406
10.257471264367817,0.11954022988505747
6.868965517241378,0.09310344827586207
23.291954022988506,0.20229885057471259
41.771264367816094,0.09310344827586207
3.3896551724137933,0.20229885057471259
18.355172413793106,0.21724137931034485
17.41264367816092,0.14367816091954025
962.7827586206898,0.11954022988505746
1807.857471264368,0.14367816091954025
488.18505747126443,0.09310344827586207
1539.5678160919545,0.16551724137931026
6564.455172413794,0.11954022988505747
1557.0586206896553,0.2172413793103448
9610.833333333332,0.06436781609195402
43589.196551724126,0.2402298850574712
4291.040229885058,0.20229885057471267
220361.9551724138,0.16551724137931031
14959.729885057473,0.2172413793103448
77888.46436781606,0.1850574712643678
11912.464367816092,0.09310344827586206
239312.9609195402,0.14367816091954025
25765.10344827586,0.11954022988505747
14188.713793103449,0.06436781609195404
33507.33793103448,0.16551724137931037
9331.33793103448,0.14367816091954022
76629.31034482758,0.0
41871.95402298851,0.14367816091954022
227682.6059113301,0.1231527093596059
,
,
0.0,0.26666666666666666
13364.162068965517,0.16551724137931037
1208848.281609195,0.2022988505747127
14755.016091954025,0.16551724137931031
4420.575862068965,0.16551724137931037
92830.17126436783,0.14367816091954028
163524.24022988506,0.18505747126436783
36067.85747126437,0.16551724137931031
25367.1540229885,0.1850574712643678
,
,
,
0.27635327635327644,0.13105413105413105
41.49540229885057,0.09310344827586206
489.316091954023,0.18505747126436783
25940.92413793104,0.09310344827586206
195.3609195402299,0.06436781609195402
22.87471264367816,0.16551724137931031
1491.4298850574712,0.18505747126436786
827.3574712643679,0.16551724137931031
6.102298850574713,0.2172413793103448
4.919540229885057,0.16551724137931037
22.6264367816092,0.11954022988505747
214.79195402298856,0.14367816091954025
28.60229885057471,0.14367816091954022
0.06878306878306882,0.126984126984127
4.947126436781608,0.14367816091954022
19354.06436781609,0.18505747126436778
302938.6540229886,0.21724137931034482
168793.20574712643,0.18505747126436786
3704.1195402298854,0.18505747126436775
8030.050574712643,0.16551724137931031
,
,
,
81118.04137931035,0.14367816091954022
19948.593103448275,0.14367816091954022
1986.891954022989,0.16551724137931037
,
0.06878306878306878,0.2261904761904761
0.0,0.1846153846153846
14.896551724137938,0.1850574712643678
172.9988505747127,0.18505747126436786
81.21954022988504,0.2402298850574712
2850.4885057471265,0.20229885057471264
27.448275862068957,0.22988505747126442
0.047619047619047616,0.12857142857142856
20.579310344827594,0.11954022988505751
636.6678160919539,0.20229885057471259
160.11954022988505,0.14367816091954025
16.09655172413793,0.11954022988505747
,
,
,
,
,
,
,
,
,
519.4126436781609,0.11954022988505747
0.7402298850574711,0.09310344827586206
19.4816091954023,0.16551724137931026
50.102298850574705,0.20229885057471267
33.51264367816093,0.09310344827586207
27.357471264367817,0.1850574712643678
2.488505747126437,0.21724137931034476
0.0,0.22134387351778653
0.0,0.034482758620689655
8.317241379310346,0.06436781609195402
49.70689655172414,0.16551724137931031
41.2,0.14367816091954025
109.32758620689654,0.1231527093596059
29.550574712643677,0.14367816091954022
,
,
,
11.591954022988507,0.18505747126436783
53.95517241379311,0.22988505747126434
15117.76551724138,0.09310344827586207
656.2816091954024,0.1850574712643678
30.510344827586206,0.21724137931034482
133.66091954022988,0.24827586206896554
158.40919540229885,0.1850574712643678
1302.7402298850575,0.22988505747126436
45051.6091954023,0.09310344827586207
448.8333333333333,0.18505747126436783
892.8551724137932,0.2172413793103448
310742.1022988506,0.16551724137931034
306.5160919540229,0.22988505747126434
204.99885057471263,0.2172413793103448
1925.0758620689653,0.18505747126436778
10784.372413793108,0.1850574712643678
9766025.995402295,0.06436781609195401
9547.274712643679,0.1655172413793103
4470.654022988505,0.21724137931034482
23157.660919540216,0.16551724137931031
19064.874712643683,0.11954022988505747
248165.98160919544,0.11954022988505747
11165.264367816093,0.14367816091954022
38843.385057471256,0.11954022988505747
106989.29195402299,0.14367816091954025
142598.9609195402,0.11954022988505746
68954.18505747126,0.18505747126436783
63954.76896551725,0.14367816091954022
5446.574712643677,0.18505747126436786
1312861.150574713,0.06436781609195402
437897.3850574711,0.2482758620689655
413081.40344827576,0.24827586206896549
14270.91954022988,0.1195402298850575
556818.7229885057,0.14367816091954022
40912.27126436782,0.18505747126436783
194218.93793103442,0.20229885057471267
49919.52298850574,0.16551724137931031
14589.282758620691,0.11954022988505746
51077.02988505747,0.18505747126436786
16941.955172413793,0.06436781609195402
116424.71379310344,0.14367816091954025
366197.74827586213,0.16551724137931031
51681.7195402299,0.20229885057471259
6416.736781609195,0.06436781609195402
78644.52988505746,0.14367816091954025
40568.988505747126,0.14367816091954022
96068.47816091953,0.11954022988505747
54147.2,0.16551724137931034
5603819.972413792,0.18505747126436783
13697.564367816089,0.11954022988505747
9194.171264367818,0.14367816091954025
13329.196551724135,0.20229885057471264
15167.885057471263,0.2298850574712643
54592.92988505748,0.06436781609195402
49924.45517241381,0.14367816091954025
219497.1540229885,0.21724137931034482
623103.5643678161,0.09310344827586209
300445.3850574712,0.16551724137931031
15896.768965517247,0.20229885057471272
16270.631034482758,0.20229885057471259
490468.61609195406,0.18505747126436786
14121.305747126436,0.16551724137931037
277722.1712643679,0.06436781609195402
14628.271264367815,0.16551724137931037
21776.90229885058,0.11954022988505747
23046254.53333333,0.09310344827586207
21174.17931034483,0.20229885057471267
4168.010344827586,0.14367816091954025
96782.01034482758,0.1850574712643678
68150.53448275861,0.1699507389162561
4530.785714285716,0.23399014778325117
129600.75402298849,0.14367816091954022
13403.840229885058,0.20229885057471267
13909.610344827584,0.20229885057471259
40984.87816091955,0.11954022988505744
16803.040229885057,0.2482758620689655
261346.03333333338,0.21724137931034485
55969.964367816094,0.2022988505747127
7783.527586206895,0.18505747126436783
94775.75747126435,0.18505747126436783
1038.7310344827588,0.14367816091954025
27905.567816091956,0.14367816091954025
14895.086206896553,0.2022988505747127
6854.4091954023,0.16551724137931031
2286.2712643678165,0.22988505747126436
6185.362068965517,0.22167487684729065
38862.06896551724,0.14367816091954025
75550.73678160919,0.1655172413793103
24864.713793103445,0.18505747126436786
2075585.9954022986,0.21724137931034482
89116.68505747129,0.20229885057471267
22822.616091954023,0.16551724137931031
14616.212643678162,0.09310344827586207
209688.79195402295,0.11954022988505747
426534.3,0.09310344827586206
3850.3781609195403,0.20229885057471264
23228.85517241379,0.16551724137931031
40155.067816091956,0.11954022988505746
1035204.2344827587,0.14367816091954025
8180.286206896552,0.06436781609195401
14520.340229885058,0.14367816091954025
120528.10229885056,0.06436781609195402
104423.70689655172,0.09310344827586207
42400.43793103449,0.11954022988505744
27933.774712643673,0.16551724137931031
62328.1195402299,0.03333333333333333
0.30000000000000004,0.1850574712643678
6.248275862068966,0.14367816091954025
3.5965517241379312,0.1850574712643678
1.282758620689655,0.14367816091954025
0.4781609195402301,0.14367816091954025
0.5160919540229887,0.20229885057471267
1961.7471264367816,0.11954022988505746
1773.3436781609198,0.09310344827586206
85303.67931034483,0.14367816091954022
161988.94712643677,0.21724137931034485
2987.213793103448,0.14367816091954017
26911.817241379304,0.09310344827586206
179254.5793103448,0.03333333333333333
12895.955172413793,0.1195402298850575
142641.07586206897,0.03333333333333333
11080.372413793099,0.03333333333333333
697624.3275862068,0.09310344827586207
5389.016091954021,0.1195402298850575
138804.64367816094,0.11954022988505747
54458.74022988505,0.2298850574712643
49747.66551724138,0.11954022988505747
119255.13103448277,0.11954022988505747
106088.2172413793,0.09310344827586207
19089.903448275858,0.1655172413793103
20440.827586206902,0.09310344827586205
36029.73448275861,0.11954022988505744
18494.033333333333,0.16551724137931031
5084.051724137929,0.14367816091954025
192788.6540229885,0.14367816091954025
1530.5988505747127,0.11954022988505747
12944.87471264368,0.16551724137931034
33395.471264367814,0.16551724137931034
4049.374712643678,0.11954022988505744
33633.84367816092,0.1195402298850575
6723.426436781611,0.16551724137931031
103524.94712643673,0.09310344827586207
60576.700000000004,0.14367816091954025
6117.495073891623,0.1477832512315271
16601.68850574713,0.16551724137931031
14688.805747126442,0.11954022988505747
253194.94367816093,0.1655172413793103
165889.88965517245,0.18505747126436786
124715.9091954023,0.06436781609195404
2519.8954022988505,0.1195402298850575
4353.062068965517,0.16551724137931034
53663.03448275864,0.06436781609195402
85132.20229885058,0.11954022988505747
14584.340229885056,0.14367816091954022
2448322.878160919,0.18505747126436775
183509.98160919538,0.14367816091954022
146282.16091954024,0.14367816091954025
477285.1275862069,0.14367816091954022
21356.257471264373,0.09310344827586207
53105.4816091954,0.20229885057471267
15188.079310344829,0.2172413793103448
32194.52413793103,0.16551724137931031
15749.44367816092,0.14367816091954025
671551.5126436782,0.22988505747126442
162517.72988505746,0.21724137931034485
1224515.7931034483,0.21724137931034482
2660729.406896552,0.1655172413793103
7825.062068965517,0.1436781609195403
54953.74712643678,0.09310344827586207
17353.085057471268,0.11954022988505747
14217.471264367818,0.16551724137931034
4784.464367816093,0.18505747126436778
7471.362068965518,0.14367816091954022
22941.040229885057,0.06436781609195402
9651.550574712644,0.20229885057471259
3853.89540229885,0.18505747126436786
4278.891954022988,0.16551724137931037
36082.254022988505,0.1195402298850575
4665.247126436782,0.14367816091954025
578597.9091954023,0.09310344827586207
355024.4551724138,0.06436781609195402
31799.86781609195,0.11954022988505746
12044.616091954023,0.11954022988505747
447760.54712643684,0.1655172413793103
21214.53333333333,0.11954022988505747
108897.89540229886,0.18505747126436775
27931.79885057472,0.11954022988505747
123060.5620689655,0.09310344827586207
453098.8,0.03333333333333332
81536.80574712643,0.18505747126436783
3596.133333333334,0.14367816091954022
124898.61609195401,0.16551724137931031
7643.2471264367805,0.09310344827586206
189335.4264367816,0.16551724137931031
33765.33793103448,0.09310344827586207
33685.61954022988,0.09310344827586207
2039348.8781609195,0.09310344827586207
36730.2988505747,0.11954022988505747
14425.236781609194,0.16551724137931031
66968.02298850576,0.11954022988505744
43348.52988505747,0.16551724137931031
